timestamp,keyword,title,brand,price,rating,reviews,asin,position,link,competition_grade,price_clean,norm_rating,norm_volume,norm_price,cis_score
2026-03-04 09:22,Multivitamin Saft,"Vital Ultra - 480 ml - Mikronährstoffkonzentrat mit Vitaminen, Mineralien, Spurenelementen, Pflanzenstoffen und Omega-3-Fettsäuren - flüssiges Lebensmittel aus über 70 Zutaten mit bis zu 60 Portionen",,"33,30 €",4.3,3262,B0168KNAKW,1,https://www.amazon.de/sspa/click?ie=UTF8&spc=MTo1OTM0OTQ5NDczMDk4Mjc3OjE3NzI2MTI1MjE6c3BfYXRmOjIwMDMxOTE0NDM2MjAxOjowOjo&url=%2FVital-Ultra-Spurenelementen-Pflanzenstoffen-Omega-3-Fetts%25C3%25A4uren%2Fdp%2FB0168KNAKW%2Fref%3Dsr_1_1_sspa%3Fdib%3DeyJ2IjoiMSJ9.KcOKPTkWD4DV4s3cqbSJh9cW9eXmuumx-Qp3SPtLOI4UI3W2bqtKg36GETbpBWJIS3jYDnt1zVErjVuz_zjI0uavwRtB0940BuqDLjGWj4CREL_F5AMYxghrUM5ditQA8aUhF4cinhrQv2O6Gi0IpzHXBrAoKEaPkWlVMTs3nb9MYUndHte4ixzrti7XJIxJGalXUwGGadKBM9s-z2RNoUI-Mffc6_cxC4reZ_chp9NJnDxQteAXyXbaqpmhK3abSzakagL-e9cIm5gLB4Cbroe6H5WFQcwcen5upSOs2ks.P5-pfWaC-woMkA69a6wjqvPt4bDIWcVAoXNiAE95PZI%26dib_tag%3Dse%26keywords%3DMultivitamin%2BSaft%26qid%3D1772612521%26sr%3D8-1-spons%26aref%3DyG23WIriWA%26sp_csd%3Dd2lkZ2V0TmFtZT1zcF9hdGY%26psc%3D1&aref=yG23WIriWA&sp_cr=DUB,3,33.3,0.86,1.0,0.059759759759759765,0.755951951951952
2026-03-04 09:22,Multivitamin Saft,"Zirkulin Vital Mikronährstoffkonzentrat (200ml) – 20 Tage Reichweite - 66 Vitalstoffe aus Obst, Gemüse & Kräutern - Wertvolle Polyphenole – Vitamine & Mineralstoffe für die Familie",,"14,95 €",4.5,1111,B0DJGP3XQC,4,https://www.amazon.de/sspa/click?ie=UTF8&spc=MTo1OTM0OTQ5NDczMDk4Mjc3OjE3NzI2MTI1MjE6c3BfYXRmOjMwMDQ5MjI3NzExOTAzMjo6MDo6&url=%2FZirkulin-Vital-Mikron%25C3%25A4hrstoffkonzentrat-200ml-Mineralstoffe%2Fdp%2FB0DJGP3XQC%2Fref%3Dsr_1_4_sspa%3Fdib%3DeyJ2IjoiMSJ9.KcOKPTkWD4DV4s3cqbSJh9cW9eXmuumx-Qp3SPtLOI4UI3W2bqtKg36GETbpBWJIS3jYDnt1zVErjVuz_zjI0uavwRtB0940BuqDLjGWj4CREL_F5AMYxghrUM5ditQA8aUhF4cinhrQv2O6Gi0IpzHXBrAoKEaPkWlVMTs3nb9MYUndHte4ixzrti7XJIxJGalXUwGGadKBM9s-z2RNoUI-Mffc6_cxC4reZ_chp9NJnDxQteAXyXbaqpmhK3abSzakagL-e9cIm5gLB4Cbroe6H5WFQcwcen5upSOs2ks.P5-pfWaC-woMkA69a6wjqvPt4bDIWcVAoXNiAE95PZI%26dib_tag%3Dse%26keywords%3DMultivitamin%2BSaft%26qid%3D1772612521%26sr%3D8-4-spons%26aref%3DQ8xwJn5vqR%26sp_csd%3Dd2lkZ2V0TmFtZT1zcF9hdGY%26psc%3D1&aref=Q8xwJn5vqR&sp_cr=DUB,3,14.95,0.9,0.8669427325961188,0.1331103678929766,0.733399166617043
2026-03-04 09:22,Multivitamin Saft,"Valensina 6x1,0l PET milder Multivitamin 100% Saft",,"14,94 €",4.6,90,B0B3NFHBW9,6,https://www.amazon.de/Valensina-milder-Multivitamin-100-Saft/dp/B0B3NFHBW9/ref=sr_1_6?dib=eyJ2IjoiMSJ9.KcOKPTkWD4DV4s3cqbSJh9cW9eXmuumx-Qp3SPtLOI4UI3W2bqtKg36GETbpBWJIS3jYDnt1zVErjVuz_zjI0uavwRtB0940BuqDLjGWj4CREL_F5AMYxghrUM5ditQA8aUhF4cinhrQv2O6Gi0IpzHXBrAoKEaPkWlVMTs3nb9MYUndHte4ixzrti7XJIxJGalXUwGGadKBM9s-z2RNoUI-Mffc6_cxC4reZ_chp9NJnDxQteAXyXbaqpmhK3abSzakagL-e9cIm5gLB4Cbroe6H5WFQcwcen5upSOs2ks.P5-pfWaC-woMkA69a6wjqvPt4bDIWcVAoXNiAE95PZI&dib_tag=se&keywords=Multivitamin+Saft&qid=1772612521&sr=8-6,3,14.94,0.9199999999999999,0.5575568854488568,0.13319946452476572,0.6176626470844959
2026-03-04 09:22,Multivitamin Saft,"hohes C Milder Multivitamin (1 x 1,5l), 100% Saft, Apfel, Orange, Acerola, Mango, 7 Vitamine, ohne Zuckerzusatz laut Gesetz, weniger Säure, vegan",,"3,59 €",4.6,266,B09JZQ9MC8,7,https://www.amazon.de/hohes-Milder-Multivitamin-100-Saft/dp/B09JZQ9MC8/ref=sr_1_7?dib=eyJ2IjoiMSJ9.KcOKPTkWD4DV4s3cqbSJh9cW9eXmuumx-Qp3SPtLOI4UI3W2bqtKg36GETbpBWJIS3jYDnt1zVErjVuz_zjI0uavwRtB0940BuqDLjGWj4CREL_F5AMYxghrUM5ditQA8aUhF4cinhrQv2O6Gi0IpzHXBrAoKEaPkWlVMTs3nb9MYUndHte4ixzrti7XJIxJGalXUwGGadKBM9s-z2RNoUI-Mffc6_cxC4reZ_chp9NJnDxQteAXyXbaqpmhK3abSzakagL-e9cIm5gLB4Cbroe6H5WFQcwcen5upSOs2ks.P5-pfWaC-woMkA69a6wjqvPt4bDIWcVAoXNiAE95PZI&dib_tag=se&keywords=Multivitamin+Saft&qid=1772612521&sr=8-7,3,3.59,0.9199999999999999,0.6906020805359593,0.5543175487465182,0.7551043419636874
2026-03-04 09:22,Multivitamin Saft,"Vital Ultra - 480 ml - Mikronährstoffkonzentrat mit Vitaminen, Mineralien, Spurenelementen, Pflanzenstoffen und Omega-3-Fettsäuren - flüssiges Lebensmittel aus über 70 Zutaten mit bis zu 60 Portionen",,"33,30 €",4.3,3262,B0168KNAKW,8,https://www.amazon.de/Vital-Ultra-Spurenelementen-Pflanzenstoffen-Omega-3-Fetts%C3%A4uren/dp/B0168KNAKW/ref=sr_1_8?dib=eyJ2IjoiMSJ9.KcOKPTkWD4DV4s3cqbSJh9cW9eXmuumx-Qp3SPtLOI4UI3W2bqtKg36GETbpBWJIS3jYDnt1zVErjVuz_zjI0uavwRtB0940BuqDLjGWj4CREL_F5AMYxghrUM5ditQA8aUhF4cinhrQv2O6Gi0IpzHXBrAoKEaPkWlVMTs3nb9MYUndHte4ixzrti7XJIxJGalXUwGGadKBM9s-z2RNoUI-Mffc6_cxC4reZ_chp9NJnDxQteAXyXbaqpmhK3abSzakagL-e9cIm5gLB4Cbroe6H5WFQcwcen5upSOs2ks.P5-pfWaC-woMkA69a6wjqvPt4bDIWcVAoXNiAE95PZI&dib_tag=se&keywords=Multivitamin+Saft&qid=1772612521&sr=8-8,3,33.3,0.86,1.0,0.059759759759759765,0.755951951951952
2026-03-04 09:22,Multivitamin Saft,Pfanner Multivitaminsaft (8 x 1 l) - 100% Fruchtgehalt – Saft aus 13 Früchten - Mehrfruchtsaft im Vorratspack,,"17,64 €",4.4,1198,B06ZZRX62M,10,https://www.amazon.de/Pfanner-51004-Multivitaminsaft-8er-Pack/dp/B06ZZRX62M/ref=sr_1_10?dib=eyJ2IjoiMSJ9.KcOKPTkWD4DV4s3cqbSJh9cW9eXmuumx-Qp3SPtLOI4UI3W2bqtKg36GETbpBWJIS3jYDnt1zVErjVuz_zjI0uavwRtB0940BuqDLjGWj4CREL_F5AMYxghrUM5ditQA8aUhF4cinhrQv2O6Gi0IpzHXBrAoKEaPkWlVMTs3nb9MYUndHte4ixzrti7XJIxJGalXUwGGadKBM9s-z2RNoUI-Mffc6_cxC4reZ_chp9NJnDxQteAXyXbaqpmhK3abSzakagL-e9cIm5gLB4Cbroe6H5WFQcwcen5upSOs2ks.P5-pfWaC-woMkA69a6wjqvPt4bDIWcVAoXNiAE95PZI&dib_tag=se&keywords=Multivitamin+Saft&qid=1772612521&sr=8-10,3,17.64,0.8800000000000001,0.8762534785214117,0.11281179138321995,0.7250637496852087
2026-03-04 09:22,Multivitamin Saft,"Pfanner Multivitamin (6 x 0,5 l) – Multi Getränk aus 12 Früchten - 12% Fruchtgehalt Mehrfruchtsaftgetränk im Vorratspack",,"6,49 €",4.5,58,B014UVPUIQ,14,https://www.amazon.de/sspa/click?ie=UTF8&spc=MTo1OTM0OTQ5NDczMDk4Mjc3OjE3NzI2MTI1MjE6c3BfbXRmOjMwMDg0NjYwNzcwMjIzMjo6MDo6&url=%2FPfanner-Multivitamin-Mehrfrucht-12-500%2Fdp%2FB014UVPUIQ%2Fref%3Dsr_1_14_sspa%3Fdib%3DeyJ2IjoiMSJ9.KcOKPTkWD4DV4s3cqbSJh9cW9eXmuumx-Qp3SPtLOI4UI3W2bqtKg36GETbpBWJIS3jYDnt1zVErjVuz_zjI0uavwRtB0940BuqDLjGWj4CREL_F5AMYxghrUM5ditQA8aUhF4cinhrQv2O6Gi0IpzHXBrAoKEaPkWlVMTs3nb9MYUndHte4ixzrti7XJIxJGalXUwGGadKBM9s-z2RNoUI-Mffc6_cxC4reZ_chp9NJnDxQteAXyXbaqpmhK3abSzakagL-e9cIm5gLB4Cbroe6H5WFQcwcen5upSOs2ks.P5-pfWaC-woMkA69a6wjqvPt4bDIWcVAoXNiAE95PZI%26dib_tag%3Dse%26keywords%3DMultivitamin%2BSaft%26qid%3D1772612521%26sr%3D8-14-spons%26aref%3DODgA6NNgre%26sp_csd%3Dd2lkZ2V0TmFtZT1zcF9tdGY%26psc%3D1&aref=ODgA6NNgre&sp_cr=DUB,3,6.49,0.9,0.5039968711596302,0.3066255778120185,0.6229238640262559
2026-03-04 09:22,Multivitamin Saft,"hohes C Multivitamin (6 x 1l), 100% Saft, Apfel, Orange, Ananas, Maracuja, Mango, 9 Vitamine, ohne Zuckerzusatz laut Gesetz, vegan",,"17,34 €",4.7,611,B09C5R9RTV,15,https://www.amazon.de/hohes-Multivitamin-100-Saft-1l/dp/B09C5R9RTV/ref=sr_1_15?dib=eyJ2IjoiMSJ9.KcOKPTkWD4DV4s3cqbSJh9cW9eXmuumx-Qp3SPtLOI4UI3W2bqtKg36GETbpBWJIS3jYDnt1zVErjVuz_zjI0uavwRtB0940BuqDLjGWj4CREL_F5AMYxghrUM5ditQA8aUhF4cinhrQv2O6Gi0IpzHXBrAoKEaPkWlVMTs3nb9MYUndHte4ixzrti7XJIxJGalXUwGGadKBM9s-z2RNoUI-Mffc6_cxC4reZ_chp9NJnDxQteAXyXbaqpmhK3abSzakagL-e9cIm5gLB4Cbroe6H5WFQcwcen5upSOs2ks.P5-pfWaC-woMkA69a6wjqvPt4bDIWcVAoXNiAE95PZI&dib_tag=se&keywords=Multivitamin+Saft&qid=1772612521&sr=8-15,3,17.34,0.9400000000000001,0.7931289504867097,0.11476355247981546,0.716204290690647
2026-03-04 09:22,Multivitamin Saft,"hohes C Milder Multivitamin (3 x 0,2l), 100% Saft, Apfel, Orange, Acerola, Mango, 7 Vitamine, ohne Zuckerzusatz laut Gesetz, weniger Säure, vegan",,"1,99 €",4.4,67,B09SG2J1FY,17,https://www.amazon.de/Hohes-Milder-Multivitamin-100-Saft/dp/B09SG2J1FY/ref=sr_1_17?dib=eyJ2IjoiMSJ9.KcOKPTkWD4DV4s3cqbSJh9cW9eXmuumx-Qp3SPtLOI4UI3W2bqtKg36GETbpBWJIS3jYDnt1zVErjVuz_zjI0uavwRtB0940BuqDLjGWj4CREL_F5AMYxghrUM5ditQA8aUhF4cinhrQv2O6Gi0IpzHXBrAoKEaPkWlVMTs3nb9MYUndHte4ixzrti7XJIxJGalXUwGGadKBM9s-z2RNoUI-Mffc6_cxC4reZ_chp9NJnDxQteAXyXbaqpmhK3abSzakagL-e9cIm5gLB4Cbroe6H5WFQcwcen5upSOs2ks.P5-pfWaC-woMkA69a6wjqvPt4bDIWcVAoXNiAE95PZI&dib_tag=se&keywords=Multivitamin+Saft&qid=1772612521&sr=8-17,3,1.99,0.8800000000000001,0.5215448565459895,1.0,0.7606179426183959
2026-03-04 09:22,Vitamin Komplex Flüssig,"Dr. Wolz Vitalkomplex 500ml - Mikronährstoff-Komplex mit 95 Zutaten - Vitamine, Mineralstoffe, Spurenelemente & Sekundäre Pflanzenstoffe – Vita Saft Konzentrat für Immunsystem- vegan",,"34,84 €",4.5,646,B00VU54RGC,2,https://www.amazon.de/Dr-Wolz-Vitalkomplex-500ml-Mikron%C3%A4hrstoff-Komplex/dp/B00VU54RGC/ref=sr_1_2?dib=eyJ2IjoiMSJ9.fgl2X1ED8SEFXSR8rt325z6rRTv-fJlyXbHOm8HVBRQehYWvTmOG6i8FDSa2vGodKT2SmYxQOrDxhfXC-3Wxv8q_ISshn2S89qJlihinZPA1DUXg5y6SIs3E3d3W83fekuMtS_IdCMEq--ahhVQhG2K1m7jgIBCe96fhBV6Y9v1WJJcbKgrdirnGY3m3NooQVv1mFCyko9fuSp2JZ7kuF37Qp_kCMETzDfjHsRQX2SYg1-q8jrBaHz7YlcyGd6Qmp8SwQGcwemRH2H91TJV7HL4808SmDN0anxJvZhIPW0s.bmzeSxFTtxdcSH8kkv-WXj03UYQfhAfSw638owhWYoo&dib_tag=se&keywords=Vitamin+Komplex+Fl%C3%BCssig&qid=1772612524&sr=8-2,3,34.84,0.9,0.8000030229925965,0.0571182548794489,0.6914248601729285
2026-03-04 09:22,Vitamin Komplex Flüssig,"Vital Ultra - 480 ml - Mikronährstoffkonzentrat mit Vitaminen, Mineralien, Spurenelementen, Pflanzenstoffen und Omega-3-Fettsäuren - flüssiges Lebensmittel aus über 70 Zutaten mit bis zu 60 Portionen",,"33,30 €",4.3,3262,B0168KNAKW,3,https://www.amazon.de/Vital-Ultra-Spurenelementen-Pflanzenstoffen-Omega-3-Fetts%C3%A4uren/dp/B0168KNAKW/ref=sr_1_3?dib=eyJ2IjoiMSJ9.fgl2X1ED8SEFXSR8rt325z6rRTv-fJlyXbHOm8HVBRQehYWvTmOG6i8FDSa2vGodKT2SmYxQOrDxhfXC-3Wxv8q_ISshn2S89qJlihinZPA1DUXg5y6SIs3E3d3W83fekuMtS_IdCMEq--ahhVQhG2K1m7jgIBCe96fhBV6Y9v1WJJcbKgrdirnGY3m3NooQVv1mFCyko9fuSp2JZ7kuF37Qp_kCMETzDfjHsRQX2SYg1-q8jrBaHz7YlcyGd6Qmp8SwQGcwemRH2H91TJV7HL4808SmDN0anxJvZhIPW0s.bmzeSxFTtxdcSH8kkv-WXj03UYQfhAfSw638owhWYoo&dib_tag=se&keywords=Vitamin+Komplex+Fl%C3%BCssig&qid=1772612524&sr=8-3,3,33.3,0.86,1.0,0.059759759759759765,0.755951951951952
2026-03-04 09:22,Vitamin Komplex Flüssig,"Liposomale Vitamin B Komplex Flüssiges - Hochdosiert Tropfen mit Allen 8 B-Vitaminen, Aktive Vitamin B Formen, Vegan, Keine Zusatzstoffe, 60ml (1er Pack)",,"21,99 €",4.5,629,B0BG2ZJ7C9,5,https://www.amazon.de/Hochdosiert-Zusatzstoffe-Unterst%C3%BCtzung-Nervensystems-Immunsystems/dp/B0BG2ZJ7C9/ref=sr_1_5?dib=eyJ2IjoiMSJ9.fgl2X1ED8SEFXSR8rt325z6rRTv-fJlyXbHOm8HVBRQehYWvTmOG6i8FDSa2vGodKT2SmYxQOrDxhfXC-3Wxv8q_ISshn2S89qJlihinZPA1DUXg5y6SIs3E3d3W83fekuMtS_IdCMEq--ahhVQhG2K1m7jgIBCe96fhBV6Y9v1WJJcbKgrdirnGY3m3NooQVv1mFCyko9fuSp2JZ7kuF37Qp_kCMETzDfjHsRQX2SYg1-q8jrBaHz7YlcyGd6Qmp8SwQGcwemRH2H91TJV7HL4808SmDN0anxJvZhIPW0s.bmzeSxFTtxdcSH8kkv-WXj03UYQfhAfSw638owhWYoo&dib_tag=se&keywords=Vitamin+Komplex+Fl%C3%BCssig&qid=1772612524&sr=8-5,3,21.99,0.9,0.7967119041904407,0.09049567985447932,0.6967838976470723
2026-03-04 09:22,Vitamin Komplex Flüssig,"VITACTIV Family Immun Aktiv - 300ml Mikronährstoffkonzentrat - Multivitamin Konzentrat mit Weintraubenkern & Holunder Extrakt - Plus Mineralstoffe & Spurenelemente - Fruchtgeschmack, max. 60 Portionen",,"19,99 €",4.4,169,B0DHXWXM48,6,https://www.amazon.de/VITACTIV-Family-Immun-Aktiv-Mikron%C3%A4hrstoffkonzentrat/dp/B0DHXWXM48/ref=sr_1_6_mod_primary_new?dib=eyJ2IjoiMSJ9.fgl2X1ED8SEFXSR8rt325z6rRTv-fJlyXbHOm8HVBRQehYWvTmOG6i8FDSa2vGodKT2SmYxQOrDxhfXC-3Wxv8q_ISshn2S89qJlihinZPA1DUXg5y6SIs3E3d3W83fekuMtS_IdCMEq--ahhVQhG2K1m7jgIBCe96fhBV6Y9v1WJJcbKgrdirnGY3m3NooQVv1mFCyko9fuSp2JZ7kuF37Qp_kCMETzDfjHsRQX2SYg1-q8jrBaHz7YlcyGd6Qmp8SwQGcwemRH2H91TJV7HL4808SmDN0anxJvZhIPW0s.bmzeSxFTtxdcSH8kkv-WXj03UYQfhAfSw638owhWYoo&dib_tag=se&keywords=Vitamin+Komplex+Fl%C3%BCssig&qid=1772612524&sbo=RZvfv%2F%2FHxDF%2BO5021pAnSA%3D%3D&sr=8-6,3,19.99,0.8800000000000001,0.634801366949679,0.09954977488744372,0.6258305017573604
2026-03-04 09:22,Vitamin Komplex Flüssig,"Magnesiumglycinat-Tropfen für Frauen & Männer, Flüssiger Nahrungsergänzungsmittel-Komplex mit Magnesiumtaurat, Zellulosefaser, Bromelain, Vitaminen und Zink, Erdbeergeschmack, 60 ml",,"9,99 €",4.3,111,B0DY7TJKPF,9,https://www.amazon.de/Magnesiumglycinat-Supplements-Magnesium-Komplex-Zellulosefaser-Erdbeergeschmack/dp/B0DY7TJKPF/ref=sr_1_9?dib=eyJ2IjoiMSJ9.fgl2X1ED8SEFXSR8rt325z6rRTv-fJlyXbHOm8HVBRQehYWvTmOG6i8FDSa2vGodKT2SmYxQOrDxhfXC-3Wxv8q_ISshn2S89qJlihinZPA1DUXg5y6SIs3E3d3W83fekuMtS_IdCMEq--ahhVQhG2K1m7jgIBCe96fhBV6Y9v1WJJcbKgrdirnGY3m3NooQVv1mFCyko9fuSp2JZ7kuF37Qp_kCMETzDfjHsRQX2SYg1-q8jrBaHz7YlcyGd6Qmp8SwQGcwemRH2H91TJV7HL4808SmDN0anxJvZhIPW0s.bmzeSxFTtxdcSH8kkv-WXj03UYQfhAfSw638owhWYoo&dib_tag=se&keywords=Vitamin+Komplex+Fl%C3%BCssig&qid=1772612524&sr=8-9,3,9.99,0.86,0.583221785309977,0.1991991991991992,0.6171285539638307
2026-03-04 09:22,Vitamin Komplex Flüssig,"Zirkulin Vital Mikronährstoffkonzentrat (200ml) – 20 Tage Reichweite - 66 Vitalstoffe aus Obst, Gemüse & Kräutern - Wertvolle Polyphenole – Vitamine & Mineralstoffe für die Familie",,"14,95 €",4.5,1111,B0DJGP3XQC,10,https://www.amazon.de/Zirkulin-Vital-Mikron%C3%A4hrstoffkonzentrat-200ml-Mineralstoffe/dp/B0DJGP3XQC/ref=sr_1_10?dib=eyJ2IjoiMSJ9.fgl2X1ED8SEFXSR8rt325z6rRTv-fJlyXbHOm8HVBRQehYWvTmOG6i8FDSa2vGodKT2SmYxQOrDxhfXC-3Wxv8q_ISshn2S89qJlihinZPA1DUXg5y6SIs3E3d3W83fekuMtS_IdCMEq--ahhVQhG2K1m7jgIBCe96fhBV6Y9v1WJJcbKgrdirnGY3m3NooQVv1mFCyko9fuSp2JZ7kuF37Qp_kCMETzDfjHsRQX2SYg1-q8jrBaHz7YlcyGd6Qmp8SwQGcwemRH2H91TJV7HL4808SmDN0anxJvZhIPW0s.bmzeSxFTtxdcSH8kkv-WXj03UYQfhAfSw638owhWYoo&dib_tag=se&keywords=Vitamin+Komplex+Fl%C3%BCssig&qid=1772612524&sr=8-10,3,14.95,0.9,0.8669427325961188,0.1331103678929766,0.733399166617043
2026-03-04 09:22,Vitamin Komplex Flüssig,"Liposomale Vitamin B Komplex Flüssiges - Hochdosiert Tropfen mit Allen 8 B-Vitaminen, Aktive Vitamin B Formen, Vegan, Keine Zusatzstoffe, 60ml (2er Pack)",,"36,99 €",4.5,629,B0BG31HBXW,13,https://www.amazon.de/Hochdosiert-Zusatzstoffe-Unterst%C3%BCtzung-Nervensystems-Immunsystems/dp/B0BG31HBXW/ref=sr_1_13?dib=eyJ2IjoiMSJ9.fgl2X1ED8SEFXSR8rt325z6rRTv-fJlyXbHOm8HVBRQehYWvTmOG6i8FDSa2vGodKT2SmYxQOrDxhfXC-3Wxv8q_ISshn2S89qJlihinZPA1DUXg5y6SIs3E3d3W83fekuMtS_IdCMEq--ahhVQhG2K1m7jgIBCe96fhBV6Y9v1WJJcbKgrdirnGY3m3NooQVv1mFCyko9fuSp2JZ7kuF37Qp_kCMETzDfjHsRQX2SYg1-q8jrBaHz7YlcyGd6Qmp8SwQGcwemRH2H91TJV7HL4808SmDN0anxJvZhIPW0s.bmzeSxFTtxdcSH8kkv-WXj03UYQfhAfSw638owhWYoo&dib_tag=se&keywords=Vitamin+Komplex+Fl%C3%BCssig&qid=1772612524&sr=8-13,3,36.99,0.9,0.7967119041904407,0.05379832387131657,0.6894444264504397
2026-03-04 09:22,Vitamin Komplex Flüssig,"Vitamin B Komplex Tropfen Flüssig, 60ml Vitamin B Komplex Hochdosiert Tropfen mit 5 B-Vitaminen B1, B3 Niacin, B6, B9 Folsäure, B12, Vegan, Natürlichem Himbeergeschmack",,"13,99 €",4.3,55,B0FN83C5D3,15,https://www.amazon.de/Hochdosiert-B-Vitaminen-Fols%C3%A4ure-Nat%C3%BCrlichem-Himbeergeschmack/dp/B0FN83C5D3/ref=sr_1_15?dib=eyJ2IjoiMSJ9.fgl2X1ED8SEFXSR8rt325z6rRTv-fJlyXbHOm8HVBRQehYWvTmOG6i8FDSa2vGodKT2SmYxQOrDxhfXC-3Wxv8q_ISshn2S89qJlihinZPA1DUXg5y6SIs3E3d3W83fekuMtS_IdCMEq--ahhVQhG2K1m7jgIBCe96fhBV6Y9v1WJJcbKgrdirnGY3m3NooQVv1mFCyko9fuSp2JZ7kuF37Qp_kCMETzDfjHsRQX2SYg1-q8jrBaHz7YlcyGd6Qmp8SwQGcwemRH2H91TJV7HL4808SmDN0anxJvZhIPW0s.bmzeSxFTtxdcSH8kkv-WXj03UYQfhAfSw638owhWYoo&dib_tag=se&keywords=Vitamin+Komplex+Fl%C3%BCssig&qid=1772612524&sr=8-15,3,13.99,0.86,0.497546542578004,0.14224446032880628,0.571467509096963
2026-03-04 09:22,Vitamin Komplex Flüssig,"Liposomaler Vitamin-B-Komplex (B1, B2, B3, B5, B6, Biotin/B7, Folat/B9, B12) | Flüssig & pur, hochverfügbar | Vegan, zuckerfrei, laborgeprüft | 25 Tagesdosen (250 ml) | Made in Germany",,"26,90 €",4.3,105,B07Z5CSG2Z,20,https://www.amazon.de/Liposomaler-B-Komplex-hochdosiert-Stoffwechsel-Bioverf%C3%BCgbarkeit/dp/B07Z5CSG2Z/ref=sr_1_20?dib=eyJ2IjoiMSJ9.fgl2X1ED8SEFXSR8rt325z6rRTv-fJlyXbHOm8HVBRQehYWvTmOG6i8FDSa2vGodKT2SmYxQOrDxhfXC-3Wxv8q_ISshn2S89qJlihinZPA1DUXg5y6SIs3E3d3W83fekuMtS_IdCMEq--ahhVQhG2K1m7jgIBCe96fhBV6Y9v1WJJcbKgrdirnGY3m3NooQVv1mFCyko9fuSp2JZ7kuF37Qp_kCMETzDfjHsRQX2SYg1-q8jrBaHz7YlcyGd6Qmp8SwQGcwemRH2H91TJV7HL4808SmDN0anxJvZhIPW0s.bmzeSxFTtxdcSH8kkv-WXj03UYQfhAfSw638owhWYoo&dib_tag=se&keywords=Vitamin+Komplex+Fl%C3%BCssig&qid=1772612524&sr=8-20,3,26.9,0.86,0.5764162180261089,0.07397769516728625,0.5893620262439008
2026-03-04 09:22,Nahrungsergänzung Flüssig,"Vital Ultra - 480 ml - Mikronährstoffkonzentrat mit Vitaminen, Mineralien, Spurenelementen, Pflanzenstoffen und Omega-3-Fettsäuren - flüssiges Lebensmittel aus über 70 Zutaten mit bis zu 60 Portionen",,"33,30 €",4.3,3262,B0168KNAKW,2,https://www.amazon.de/sspa/click?ie=UTF8&spc=MTo0Mzk2NjAxNzAwNDY2MzA5OjE3NzI2MTI1Mjc6c3BfYXRmOjIwMDMxOTEzMTM2MjAxOjowOjo&url=%2FVital-Ultra-Spurenelementen-Pflanzenstoffen-Omega-3-Fetts%25C3%25A4uren%2Fdp%2FB0168KNAKW%2Fref%3Dsr_1_2_sspa%3Fdib%3DeyJ2IjoiMSJ9.tO80-GpGsZHBsFk_6yQNGRpmBZDFyDt2BjCJnOZXuhh4GRRLuQfjDvpqtSaj9tMnxER3posIxh96nTlR_L_eEcBc9na63vUZKXQxymMAA7aiLQg68r6NZYEBeI7bSeFU_wcXMEY5_y5w5GSijRCkINYMLVNYJM46DUDBt68et1wqce3fIJ2e_K9vfxlV7otc_yI8KnhfU__cXmZW_Ly90KL1z03RmnGY2NGjkHrn7QyT2JtUUixQ1DslHfCtXIUiQaI6uIwnVZUcfONkBKCFQ3uc-svfs-PZQCV14P1cL5g.bgHoAALm84FpbKij7V1RT8YOpBolSS8YDazRU-iOyCg%26dib_tag%3Dse%26keywords%3DNahrungserg%25C3%25A4nzung%2BFl%25C3%25BCssig%26qid%3D1772612527%26sr%3D8-2-spons%26aref%3DbSPH77Y7CO%26sp_csd%3Dd2lkZ2V0TmFtZT1zcF9hdGY%26psc%3D1&aref=bSPH77Y7CO&sp_cr=DUB,3,33.3,0.86,1.0,0.059759759759759765,0.755951951951952
2026-03-04 09:22,Nahrungsergänzung Flüssig,Mikronährstoffkonzentrat 500 ml – 128 Zutaten inkl. fermentiertem Obst und Gemüse – für die tägliche Nährstoffversorgung | Vegan | 1-Monats-Vorrat,,"36,90 €",4.6,93,B0FWBQXNRB,3,https://www.amazon.de/sspa/click?ie=UTF8&spc=MTo0Mzk2NjAxNzAwNDY2MzA5OjE3NzI2MTI1Mjc6c3BfYXRmOjMwMDgwMzE5NzI5NDgzMjo6MDo6&url=%2FVitabalance%25C2%25AE-Mikron%25C3%25A4hrstoffkonzentrat-fermentiertem-N%25C3%25A4hrstoffversorgung-1-Monats-Vorrat%2Fdp%2FB0FWBQXNRB%2Fref%3Dsr_1_3_sspa%3Fdib%3DeyJ2IjoiMSJ9.tO80-GpGsZHBsFk_6yQNGRpmBZDFyDt2BjCJnOZXuhh4GRRLuQfjDvpqtSaj9tMnxER3posIxh96nTlR_L_eEcBc9na63vUZKXQxymMAA7aiLQg68r6NZYEBeI7bSeFU_wcXMEY5_y5w5GSijRCkINYMLVNYJM46DUDBt68et1wqce3fIJ2e_K9vfxlV7otc_yI8KnhfU__cXmZW_Ly90KL1z03RmnGY2NGjkHrn7QyT2JtUUixQ1DslHfCtXIUiQaI6uIwnVZUcfONkBKCFQ3uc-svfs-PZQCV14P1cL5g.bgHoAALm84FpbKij7V1RT8YOpBolSS8YDazRU-iOyCg%26dib_tag%3Dse%26keywords%3DNahrungserg%25C3%25A4nzung%2BFl%25C3%25BCssig%26qid%3D1772612527%26sr%3D8-3-spons%26aref%3Dzw8OkccIQA%26sp_csd%3Dd2lkZ2V0TmFtZT1zcF9hdGY%26psc%3D1&aref=zw8OkccIQA&sp_cr=DUB,5,36.9,0.9199999999999999,0.5615659908757664,0.05392953929539296,0.6034123042093852
2026-03-04 09:22,Nahrungsergänzung Flüssig,"Dr. Wolz Vitalkomplex 500ml - Mikronährstoff-Komplex mit 95 Zutaten - Vitamine, Mineralstoffe, Spurenelemente & Sekundäre Pflanzenstoffe – Vita Saft Konzentrat für Immunsystem- vegan",,"34,84 €",4.5,646,B00VU54RGC,5,https://www.amazon.de/sspa/click?ie=UTF8&spc=MTo0Mzk2NjAxNzAwNDY2MzA5OjE3NzI2MTI1Mjc6c3BfYXRmOjMwMDQ1NjEyOTAwOTgzMjo6MDo6&url=%2FDr-Wolz-Vitalkomplex-500ml-Mikron%25C3%25A4hrstoff-Komplex%2Fdp%2FB00VU54RGC%2Fref%3Dsr_1_5_sspa%3Fdib%3DeyJ2IjoiMSJ9.tO80-GpGsZHBsFk_6yQNGRpmBZDFyDt2BjCJnOZXuhh4GRRLuQfjDvpqtSaj9tMnxER3posIxh96nTlR_L_eEcBc9na63vUZKXQxymMAA7aiLQg68r6NZYEBeI7bSeFU_wcXMEY5_y5w5GSijRCkINYMLVNYJM46DUDBt68et1wqce3fIJ2e_K9vfxlV7otc_yI8KnhfU__cXmZW_Ly90KL1z03RmnGY2NGjkHrn7QyT2JtUUixQ1DslHfCtXIUiQaI6uIwnVZUcfONkBKCFQ3uc-svfs-PZQCV14P1cL5g.bgHoAALm84FpbKij7V1RT8YOpBolSS8YDazRU-iOyCg%26dib_tag%3Dse%26keywords%3DNahrungserg%25C3%25A4nzung%2BFl%25C3%25BCssig%26qid%3D1772612527%26sr%3D8-5-spons%26aref%3DmPKiJ0rDgx%26sp_csd%3Dd2lkZ2V0TmFtZT1zcF9hdGY%26psc%3D1&aref=mPKiJ0rDgx&sp_cr=DUB,3,34.84,0.9,0.8000030229925965,0.0571182548794489,0.6914248601729285
2026-03-04 09:22,Nahrungsergänzung Flüssig,"Zirkulin Vital Mikronährstoffkonzentrat (200ml) – 20 Tage Reichweite - 66 Vitalstoffe aus Obst, Gemüse & Kräutern - Wertvolle Polyphenole – Vitamine & Mineralstoffe für die Familie",,"14,95 €",4.5,1111,B0DJGP3XQC,7,https://www.amazon.de/Zirkulin-Vital-Mikron%C3%A4hrstoffkonzentrat-200ml-Mineralstoffe/dp/B0DJGP3XQC/ref=sr_1_7?dib=eyJ2IjoiMSJ9.tO80-GpGsZHBsFk_6yQNGRpmBZDFyDt2BjCJnOZXuhh4GRRLuQfjDvpqtSaj9tMnxER3posIxh96nTlR_L_eEcBc9na63vUZKXQxymMAA7aiLQg68r6NZYEBeI7bSeFU_wcXMEY5_y5w5GSijRCkINYMLVNYJM46DUDBt68et1wqce3fIJ2e_K9vfxlV7otc_yI8KnhfU__cXmZW_Ly90KL1z03RmnGY2NGjkHrn7QyT2JtUUixQ1DslHfCtXIUiQaI6uIwnVZUcfONkBKCFQ3uc-svfs-PZQCV14P1cL5g.bgHoAALm84FpbKij7V1RT8YOpBolSS8YDazRU-iOyCg&dib_tag=se&keywords=Nahrungserg%C3%A4nzung+Fl%C3%BCssig&qid=1772612527&sr=8-7,3,14.95,0.9,0.8669427325961188,0.1331103678929766,0.733399166617043
2026-03-04 09:22,Nahrungsergänzung Flüssig,"Vital Ultra - 480 ml - Mikronährstoffkonzentrat mit Vitaminen, Mineralien, Spurenelementen, Pflanzenstoffen und Omega-3-Fettsäuren - flüssiges Lebensmittel aus über 70 Zutaten mit bis zu 60 Portionen",,"33,30 €",4.3,3262,B0168KNAKW,8,https://www.amazon.de/Vital-Ultra-Spurenelementen-Pflanzenstoffen-Omega-3-Fetts%C3%A4uren/dp/B0168KNAKW/ref=sr_1_8?dib=eyJ2IjoiMSJ9.tO80-GpGsZHBsFk_6yQNGRpmBZDFyDt2BjCJnOZXuhh4GRRLuQfjDvpqtSaj9tMnxER3posIxh96nTlR_L_eEcBc9na63vUZKXQxymMAA7aiLQg68r6NZYEBeI7bSeFU_wcXMEY5_y5w5GSijRCkINYMLVNYJM46DUDBt68et1wqce3fIJ2e_K9vfxlV7otc_yI8KnhfU__cXmZW_Ly90KL1z03RmnGY2NGjkHrn7QyT2JtUUixQ1DslHfCtXIUiQaI6uIwnVZUcfONkBKCFQ3uc-svfs-PZQCV14P1cL5g.bgHoAALm84FpbKij7V1RT8YOpBolSS8YDazRU-iOyCg&dib_tag=se&keywords=Nahrungserg%C3%A4nzung+Fl%C3%BCssig&qid=1772612527&sr=8-8,3,33.3,0.86,1.0,0.059759759759759765,0.755951951951952
2026-03-04 09:22,Nahrungsergänzung Flüssig,Mikronährstoffkonzentrat 500 ml – 128 Zutaten inkl. fermentiertem Obst und Gemüse – für die tägliche Nährstoffversorgung | Vegan | 1-Monats-Vorrat,,"36,90 €",4.6,93,B0FWBQXNRB,10,https://www.amazon.de/Vitabalance%C2%AE-Mikron%C3%A4hrstoffkonzentrat-fermentiertem-N%C3%A4hrstoffversorgung-1-Monats-Vorrat/dp/B0FWBQXNRB/ref=sr_1_10?dib=eyJ2IjoiMSJ9.tO80-GpGsZHBsFk_6yQNGRpmBZDFyDt2BjCJnOZXuhh4GRRLuQfjDvpqtSaj9tMnxER3posIxh96nTlR_L_eEcBc9na63vUZKXQxymMAA7aiLQg68r6NZYEBeI7bSeFU_wcXMEY5_y5w5GSijRCkINYMLVNYJM46DUDBt68et1wqce3fIJ2e_K9vfxlV7otc_yI8KnhfU__cXmZW_Ly90KL1z03RmnGY2NGjkHrn7QyT2JtUUixQ1DslHfCtXIUiQaI6uIwnVZUcfONkBKCFQ3uc-svfs-PZQCV14P1cL5g.bgHoAALm84FpbKij7V1RT8YOpBolSS8YDazRU-iOyCg&dib_tag=se&keywords=Nahrungserg%C3%A4nzung+Fl%C3%BCssig&qid=1772612527&sr=8-10,5,36.9,0.9199999999999999,0.5615659908757664,0.05392953929539296,0.6034123042093852
2026-03-04 09:22,Nahrungsergänzung Flüssig,"Zirkulin Vital Mikronährstoffkonzentrat (200ml) – 20 Tage Reichweite - 66 Vitalstoffe aus Obst, Gemüse & Kräutern - Wertvolle Polyphenole – Vitamine & Mineralstoffe für die Familie",,"14,95 €",4.5,1111,B0DJGP3XQC,11,https://www.amazon.de/sspa/click?ie=UTF8&spc=MTo0Mzk2NjAxNzAwNDY2MzA5OjE3NzI2MTI1Mjc6c3BfbXRmOjMwMDM1OTIwOTM1OTEzMjo6MDo6&url=%2FZirkulin-Vital-Mikron%25C3%25A4hrstoffkonzentrat-200ml-Mineralstoffe%2Fdp%2FB0DJGP3XQC%2Fref%3Dsr_1_11_sspa%3Fdib%3DeyJ2IjoiMSJ9.tO80-GpGsZHBsFk_6yQNGRpmBZDFyDt2BjCJnOZXuhh4GRRLuQfjDvpqtSaj9tMnxER3posIxh96nTlR_L_eEcBc9na63vUZKXQxymMAA7aiLQg68r6NZYEBeI7bSeFU_wcXMEY5_y5w5GSijRCkINYMLVNYJM46DUDBt68et1wqce3fIJ2e_K9vfxlV7otc_yI8KnhfU__cXmZW_Ly90KL1z03RmnGY2NGjkHrn7QyT2JtUUixQ1DslHfCtXIUiQaI6uIwnVZUcfONkBKCFQ3uc-svfs-PZQCV14P1cL5g.bgHoAALm84FpbKij7V1RT8YOpBolSS8YDazRU-iOyCg%26dib_tag%3Dse%26keywords%3DNahrungserg%25C3%25A4nzung%2BFl%25C3%25BCssig%26qid%3D1772612527%26sr%3D8-11-spons%26aref%3D9GYlG68vyI%26sp_csd%3Dd2lkZ2V0TmFtZT1zcF9tdGY%26psc%3D1&aref=9GYlG68vyI&sp_cr=DUB,3,14.95,0.9,0.8669427325961188,0.1331103678929766,0.733399166617043
2026-03-04 09:22,Nahrungsergänzung Flüssig,"Multivitamin-Tropfen – 16 Vitamine & Mineralstoffe - Flüssig – Vegan, ohne Zusatzstoffe, Zuckerfrei – 100% pflanzlich – Hohe Bioverfügbarkeit – Monatsvorrat (30 ml)",,"17,95 €",4.5,134,B0CKLV6TQY,12,https://www.amazon.de/sspa/click?ie=UTF8&spc=MTo0Mzk2NjAxNzAwNDY2MzA5OjE3NzI2MTI1Mjc6c3BfbXRmOjMwMDU3NjQ5NzY2MzQzMjo6MDo6&url=%2FVitaminFit-Multivitamin-Komplex-Tropfen-Nahrungserg%25C3%25A4nzungsmittel%2Fdp%2FB0CKLV6TQY%2Fref%3Dsr_1_12_sspa%3Fdib%3DeyJ2IjoiMSJ9.tO80-GpGsZHBsFk_6yQNGRpmBZDFyDt2BjCJnOZXuhh4GRRLuQfjDvpqtSaj9tMnxER3posIxh96nTlR_L_eEcBc9na63vUZKXQxymMAA7aiLQg68r6NZYEBeI7bSeFU_wcXMEY5_y5w5GSijRCkINYMLVNYJM46DUDBt68et1wqce3fIJ2e_K9vfxlV7otc_yI8KnhfU__cXmZW_Ly90KL1z03RmnGY2NGjkHrn7QyT2JtUUixQ1DslHfCtXIUiQaI6uIwnVZUcfONkBKCFQ3uc-svfs-PZQCV14P1cL5g.bgHoAALm84FpbKij7V1RT8YOpBolSS8YDazRU-iOyCg%26dib_tag%3Dse%26keywords%3DNahrungserg%25C3%25A4nzung%2BFl%25C3%25BCssig%26qid%3D1772612527%26rdc%3D1%26sr%3D8-12-spons%26aref%3D5g463sNdMt%26sp_csd%3Dd2lkZ2V0TmFtZT1zcF9tdGY%26psc%3D1&aref=5g463sNdMt&sp_cr=DUB,1,17.95,0.9,0.6063078940467431,0.11086350974930363,0.6246958595685581
2026-03-04 09:22,Nahrungsergänzung Flüssig,"Dr. Wolz Vitalkomplex 500ml - Mikronährstoff-Komplex mit 95 Zutaten - Vitamine, Mineralstoffe, Spurenelemente & Sekundäre Pflanzenstoffe – Vita Saft Konzentrat für Immunsystem- vegan",,"34,84 €",4.5,646,B00VU54RGC,15,https://www.amazon.de/Dr-Wolz-Vitalkomplex-500ml-Mikron%C3%A4hrstoff-Komplex/dp/B00VU54RGC/ref=sr_1_15?dib=eyJ2IjoiMSJ9.tO80-GpGsZHBsFk_6yQNGRpmBZDFyDt2BjCJnOZXuhh4GRRLuQfjDvpqtSaj9tMnxER3posIxh96nTlR_L_eEcBc9na63vUZKXQxymMAA7aiLQg68r6NZYEBeI7bSeFU_wcXMEY5_y5w5GSijRCkINYMLVNYJM46DUDBt68et1wqce3fIJ2e_K9vfxlV7otc_yI8KnhfU__cXmZW_Ly90KL1z03RmnGY2NGjkHrn7QyT2JtUUixQ1DslHfCtXIUiQaI6uIwnVZUcfONkBKCFQ3uc-svfs-PZQCV14P1cL5g.bgHoAALm84FpbKij7V1RT8YOpBolSS8YDazRU-iOyCg&dib_tag=se&keywords=Nahrungserg%C3%A4nzung+Fl%C3%BCssig&qid=1772612527&sr=8-15,3,34.84,0.9,0.8000030229925965,0.0571182548794489,0.6914248601729285
2026-03-04 09:22,Nahrungsergänzung Flüssig,"ALL STARS Amino Liquid 18 x 25ml Black Currant - Flüssiger Aminosäuren Komplex hochdosiert 12.000mg mit 12g Protein pro Portion, Nahrungsergänzungsmittel für Sportler",,"31,99 €",4.4,102,B07MYCY6CF,18,https://www.amazon.de/STARS-Amino-Liquid-Currant-Nahrungserg%C3%A4nzungsmittel/dp/B07MYCY6CF/ref=sr_1_18?dib=eyJ2IjoiMSJ9.tO80-GpGsZHBsFk_6yQNGRpmBZDFyDt2BjCJnOZXuhh4GRRLuQfjDvpqtSaj9tMnxER3posIxh96nTlR_L_eEcBc9na63vUZKXQxymMAA7aiLQg68r6NZYEBeI7bSeFU_wcXMEY5_y5w5GSijRCkINYMLVNYJM46DUDBt68et1wqce3fIJ2e_K9vfxlV7otc_yI8KnhfU__cXmZW_Ly90KL1z03RmnGY2NGjkHrn7QyT2JtUUixQ1DslHfCtXIUiQaI6uIwnVZUcfONkBKCFQ3uc-svfs-PZQCV14P1cL5g.bgHoAALm84FpbKij7V1RT8YOpBolSS8YDazRU-iOyCg&dib_tag=se&keywords=Nahrungserg%C3%A4nzung+Fl%C3%BCssig&qid=1772612527&sr=8-18,4,31.99,0.8800000000000001,0.5728675556938884,0.06220693966864645,0.5935884102112847
2026-03-04 09:22,Immunsystem Vitamine,"Doppelherz A–Z + Immun DIRECT – Mit Zink, Vitamin B12, Vitamin C und D als Beitrag für die normale Funktion des Immunsystems –Flüssigkeit, 20 Sachets",,"4,79 €",4.7,608,B08NWX1SC5,10,https://www.amazon.de/Doppelherz-Z-Immun-DIRECT-Immunsystems/dp/B08NWX1SC5/ref=sr_1_10?dib=eyJ2IjoiMSJ9.5Qoohnv6EQ2Z6j9rJtLpU6Wr3J_AIhyKxcOvEWbCeeMbZS-AXsuaBOaWXWsAPKSGxQAq-MagMaPc_60JMzKqTOyMHlvwBbDSRKj_blyggnCHeXJL5p3GvYTAbxQ8HDamWkvQsDLckmps1J-ploVlxVHsyR2MwnovBD2mdnPzLx9ibVIZUOWMZPGg_cG9N5nthZmDBYiuqaAaIBeAj5od-O2hypUW6FtSMTWNjg1gw03AvYCGvegwmi9woF7JPZaxsrcQbif3ZqGSzu7aGxbhfuzJ4xhkqNxOZI4W_Qvrx2E.oS59CQ6of9Adx5rvtmw5KXQB6imRWqS8gwz35XVYnWY&dib_tag=se&keywords=Immunsystem+Vitamine&qid=1772612530&sr=8-10,3,4.79,0.9400000000000001,0.7925215622973119,0.4154488517745303,0.776098395273831
2026-03-04 09:22,Immunsystem Vitamine,"Multivitamin A-Z & Mikronährstoffe Trinkpulver (30 Portionen - Tropical Flavor) Daily Vitamins Pulver mit Vitamin A, C, D3, E, K2, B1, B2, B5, B6, B12, Mag - Alternative zum Lavita Saft & La Vital",,"16,92 €",4.3,159,B0F1DKH3X6,12,https://www.amazon.de/sspa/click?ie=UTF8&spc=MTo4Mjc3MTgwODYwNDA0MTk5OjE3NzI2MTI1MzA6c3BfbXRmOjMwMDkxNzM1ODIzMTgzMjo6MDo6&url=%2FDaily-Vitamins-Trinkpulver-Portionen-Multivitamin%2Fdp%2FB0F1DKH3X6%2Fref%3Dsr_1_12_sspa%3Fdib%3DeyJ2IjoiMSJ9.5Qoohnv6EQ2Z6j9rJtLpU6Wr3J_AIhyKxcOvEWbCeeMbZS-AXsuaBOaWXWsAPKSGxQAq-MagMaPc_60JMzKqTOyMHlvwBbDSRKj_blyggnCHeXJL5p3GvYTAbxQ8HDamWkvQsDLckmps1J-ploVlxVHsyR2MwnovBD2mdnPzLx9ibVIZUOWMZPGg_cG9N5nthZmDBYiuqaAaIBeAj5od-O2hypUW6FtSMTWNjg1gw03AvYCGvegwmi9woF7JPZaxsrcQbif3ZqGSzu7aGxbhfuzJ4xhkqNxOZI4W_Qvrx2E.oS59CQ6of9Adx5rvtmw5KXQB6imRWqS8gwz35XVYnWY%26dib_tag%3Dse%26keywords%3DImmunsystem%2BVitamine%26qid%3D1772612530%26sr%3D8-12-spons%26aref%3DWQDQndTPUy%26sp_csd%3Dd2lkZ2V0TmFtZT1zcF9tdGY%26psc%3D1&aref=WQDQndTPUy&sp_cr=DUB,3,16.92,0.86,0.6273079667955281,0.11761229314420803,0.6184456453470529
2026-03-04 09:22,Mikronährstoffkonzentrat Amazon,"Vital Ultra - 480 ml - Mikronährstoffkonzentrat mit Vitaminen, Mineralien, Spurenelementen, Pflanzenstoffen und Omega-3-Fettsäuren - flüssiges Lebensmittel aus über 70 Zutaten mit bis zu 60 Portionen",,"33,30 €",4.3,3262,B0168KNAKW,1,https://www.amazon.de/sspa/click?ie=UTF8&spc=MTo3MzcxNTAwMTI4MjgzNjQwOjE3NzI2MTI1MzM6c3BfYXRmOjIwMDMxOTE0NDM2MjAxOjowOjo&url=%2FVital-Ultra-Spurenelementen-Pflanzenstoffen-Omega-3-Fetts%25C3%25A4uren%2Fdp%2FB0168KNAKW%2Fref%3Dsr_1_1_sspa%3Fdib%3DeyJ2IjoiMSJ9.caHKipXvuySuiPDbBYRWW8Q3ZAgpx649L8OIjixeuMIOKxCdazJQNS6hyWOGYlhg2Q4eyvXOd4KBQsAckSMASDdE68nZCUqSxspsHzlKcWn_j3cBWGVpArYgaTCzD-QU7Ejx5Ooh-o46KHKQsE3XPHH_UX2sKMxqBQku4EXFGP6djGn6o3ysud20TVuxwKeiyMk3L_ip9CITHy9MxHytOkcTSrUE1xzPH5hm4Ltl1MYRbJemARvPeSQ_FXT8eOAwEi6id333-CEuFTUuXBN9ZhsQe4afRPiaCtwdWrdJvQA.flcX5s_U9CspEFwEvM6i1dyJ1e1xreOt6SN4duMgFok%26dib_tag%3Dse%26keywords%3DMikron%25C3%25A4hrstoffkonzentrat%2BAmazon%26qid%3D1772612533%26sr%3D8-1-spons%26aref%3DyG23WIriWA%26sp_csd%3Dd2lkZ2V0TmFtZT1zcF9hdGY%26psc%3D1&aref=yG23WIriWA&sp_cr=DUB,3,33.3,0.86,1.0,0.059759759759759765,0.755951951951952
2026-03-04 09:22,Mikronährstoffkonzentrat Amazon,"Zirkulin Vital Mikronährstoffkonzentrat (3x200ml) – 60 Tage Reichweite - 66 Vitalstoffe aus Obst, Gemüse & Kräutern - Wertvolle Polyphenole – Vitamine & Mineralstoffe für die Familie",,"39,99 €",4.5,1111,B0DJGPMGC6,2,https://www.amazon.de/sspa/click?ie=UTF8&spc=MTo3MzcxNTAwMTI4MjgzNjQwOjE3NzI2MTI1MzM6c3BfYXRmOjMwMDM1OTQxNDY4MjgzMjo6MDo6&url=%2FZirkulin-Vital-Mikron%25C3%25A4hrstoffkonzentrat-3x200ml-Mineralstoffe%2Fdp%2FB0DJGPMGC6%2Fref%3Dsr_1_2_sspa%3Fdib%3DeyJ2IjoiMSJ9.caHKipXvuySuiPDbBYRWW8Q3ZAgpx649L8OIjixeuMIOKxCdazJQNS6hyWOGYlhg2Q4eyvXOd4KBQsAckSMASDdE68nZCUqSxspsHzlKcWn_j3cBWGVpArYgaTCzD-QU7Ejx5Ooh-o46KHKQsE3XPHH_UX2sKMxqBQku4EXFGP6djGn6o3ysud20TVuxwKeiyMk3L_ip9CITHy9MxHytOkcTSrUE1xzPH5hm4Ltl1MYRbJemARvPeSQ_FXT8eOAwEi6id333-CEuFTUuXBN9ZhsQe4afRPiaCtwdWrdJvQA.flcX5s_U9CspEFwEvM6i1dyJ1e1xreOt6SN4duMgFok%26dib_tag%3Dse%26keywords%3DMikron%25C3%25A4hrstoffkonzentrat%2BAmazon%26qid%3D1772612533%26sr%3D8-2-spons%26aref%3Dpnybzpjei5%26sp_csd%3Dd2lkZ2V0TmFtZT1zcF9hdGY%26psc%3D1&aref=pnybzpjei5&sp_cr=DUB,3,39.99,0.9,0.8669427325961188,0.04976244061015254,0.7167295811604781
2026-03-04 09:22,Mikronährstoffkonzentrat Amazon,Mikronährstoffkonzentrat 500 ml – 128 Zutaten inkl. fermentiertem Obst und Gemüse – für die tägliche Nährstoffversorgung | Vegan | 1-Monats-Vorrat,,"36,90 €",4.6,93,B0FWBQXNRB,3,https://www.amazon.de/sspa/click?ie=UTF8&spc=MTo3MzcxNTAwMTI4MjgzNjQwOjE3NzI2MTI1MzM6c3BfYXRmOjMwMDgwMzE5NzI5NDgzMjo6MDo6&url=%2FVitabalance%25C2%25AE-Mikron%25C3%25A4hrstoffkonzentrat-fermentiertem-N%25C3%25A4hrstoffversorgung-1-Monats-Vorrat%2Fdp%2FB0FWBQXNRB%2Fref%3Dsr_1_3_sspa%3Fdib%3DeyJ2IjoiMSJ9.caHKipXvuySuiPDbBYRWW8Q3ZAgpx649L8OIjixeuMIOKxCdazJQNS6hyWOGYlhg2Q4eyvXOd4KBQsAckSMASDdE68nZCUqSxspsHzlKcWn_j3cBWGVpArYgaTCzD-QU7Ejx5Ooh-o46KHKQsE3XPHH_UX2sKMxqBQku4EXFGP6djGn6o3ysud20TVuxwKeiyMk3L_ip9CITHy9MxHytOkcTSrUE1xzPH5hm4Ltl1MYRbJemARvPeSQ_FXT8eOAwEi6id333-CEuFTUuXBN9ZhsQe4afRPiaCtwdWrdJvQA.flcX5s_U9CspEFwEvM6i1dyJ1e1xreOt6SN4duMgFok%26dib_tag%3Dse%26keywords%3DMikron%25C3%25A4hrstoffkonzentrat%2BAmazon%26qid%3D1772612533%26sr%3D8-3-spons%26aref%3Dzw8OkccIQA%26sp_csd%3Dd2lkZ2V0TmFtZT1zcF9hdGY%26psc%3D1&aref=zw8OkccIQA&sp_cr=DUB,5,36.9,0.9199999999999999,0.5615659908757664,0.05392953929539296,0.6034123042093852
2026-03-04 09:22,Mikronährstoffkonzentrat Amazon,"Dr. Wolz Vitalkomplex 500ml - Mikronährstoff-Komplex mit 95 Zutaten - Vitamine, Mineralstoffe, Spurenelemente & Sekundäre Pflanzenstoffe – Vita Saft Konzentrat für Immunsystem- vegan",,"34,84 €",4.5,646,B00VU54RGC,4,https://www.amazon.de/sspa/click?ie=UTF8&spc=MTo3MzcxNTAwMTI4MjgzNjQwOjE3NzI2MTI1MzM6c3BfYXRmOjMwMDQ1NjEyOTAwOTgzMjo6MDo6&url=%2FDr-Wolz-Vitalkomplex-500ml-Mikron%25C3%25A4hrstoff-Komplex%2Fdp%2FB00VU54RGC%2Fref%3Dsr_1_4_sspa%3Fdib%3DeyJ2IjoiMSJ9.caHKipXvuySuiPDbBYRWW8Q3ZAgpx649L8OIjixeuMIOKxCdazJQNS6hyWOGYlhg2Q4eyvXOd4KBQsAckSMASDdE68nZCUqSxspsHzlKcWn_j3cBWGVpArYgaTCzD-QU7Ejx5Ooh-o46KHKQsE3XPHH_UX2sKMxqBQku4EXFGP6djGn6o3ysud20TVuxwKeiyMk3L_ip9CITHy9MxHytOkcTSrUE1xzPH5hm4Ltl1MYRbJemARvPeSQ_FXT8eOAwEi6id333-CEuFTUuXBN9ZhsQe4afRPiaCtwdWrdJvQA.flcX5s_U9CspEFwEvM6i1dyJ1e1xreOt6SN4duMgFok%26dib_tag%3Dse%26keywords%3DMikron%25C3%25A4hrstoffkonzentrat%2BAmazon%26qid%3D1772612533%26sr%3D8-4-spons%26aref%3DmPKiJ0rDgx%26sp_csd%3Dd2lkZ2V0TmFtZT1zcF9hdGY%26psc%3D1&aref=mPKiJ0rDgx&sp_cr=DUB,3,34.84,0.9,0.8000030229925965,0.0571182548794489,0.6914248601729285
2026-03-04 09:22,Mikronährstoffkonzentrat Amazon,"Vital Ultra - 480 ml - Mikronährstoffkonzentrat mit Vitaminen, Mineralien, Spurenelementen, Pflanzenstoffen und Omega-3-Fettsäuren - flüssiges Lebensmittel aus über 70 Zutaten mit bis zu 60 Portionen",,"33,30 €",4.3,3262,B0168KNAKW,6,https://www.amazon.de/Vital-Ultra-Spurenelementen-Pflanzenstoffen-Omega-3-Fetts%C3%A4uren/dp/B0168KNAKW/ref=sr_1_6?dib=eyJ2IjoiMSJ9.caHKipXvuySuiPDbBYRWW8Q3ZAgpx649L8OIjixeuMIOKxCdazJQNS6hyWOGYlhg2Q4eyvXOd4KBQsAckSMASDdE68nZCUqSxspsHzlKcWn_j3cBWGVpArYgaTCzD-QU7Ejx5Ooh-o46KHKQsE3XPHH_UX2sKMxqBQku4EXFGP6djGn6o3ysud20TVuxwKeiyMk3L_ip9CITHy9MxHytOkcTSrUE1xzPH5hm4Ltl1MYRbJemARvPeSQ_FXT8eOAwEi6id333-CEuFTUuXBN9ZhsQe4afRPiaCtwdWrdJvQA.flcX5s_U9CspEFwEvM6i1dyJ1e1xreOt6SN4duMgFok&dib_tag=se&keywords=Mikron%C3%A4hrstoffkonzentrat+Amazon&qid=1772612533&sr=8-6,3,33.3,0.86,1.0,0.059759759759759765,0.755951951951952
2026-03-04 09:22,Mikronährstoffkonzentrat Amazon,Mikronährstoffkonzentrat 500 ml – 128 Zutaten inkl. fermentiertem Obst und Gemüse – für die tägliche Nährstoffversorgung | Vegan | 1-Monats-Vorrat,,"36,90 €",4.6,93,B0FWBQXNRB,7,https://www.amazon.de/Vitabalance%C2%AE-Mikron%C3%A4hrstoffkonzentrat-fermentiertem-N%C3%A4hrstoffversorgung-1-Monats-Vorrat/dp/B0FWBQXNRB/ref=sr_1_7?dib=eyJ2IjoiMSJ9.caHKipXvuySuiPDbBYRWW8Q3ZAgpx649L8OIjixeuMIOKxCdazJQNS6hyWOGYlhg2Q4eyvXOd4KBQsAckSMASDdE68nZCUqSxspsHzlKcWn_j3cBWGVpArYgaTCzD-QU7Ejx5Ooh-o46KHKQsE3XPHH_UX2sKMxqBQku4EXFGP6djGn6o3ysud20TVuxwKeiyMk3L_ip9CITHy9MxHytOkcTSrUE1xzPH5hm4Ltl1MYRbJemARvPeSQ_FXT8eOAwEi6id333-CEuFTUuXBN9ZhsQe4afRPiaCtwdWrdJvQA.flcX5s_U9CspEFwEvM6i1dyJ1e1xreOt6SN4duMgFok&dib_tag=se&keywords=Mikron%C3%A4hrstoffkonzentrat+Amazon&qid=1772612533&sr=8-7,5,36.9,0.9199999999999999,0.5615659908757664,0.05392953929539296,0.6034123042093852
2026-03-04 09:22,Mikronährstoffkonzentrat Amazon,"Dr. Wolz Vitalkomplex 500ml - Mikronährstoff-Komplex mit 95 Zutaten - Vitamine, Mineralstoffe, Spurenelemente & Sekundäre Pflanzenstoffe – Vita Saft Konzentrat für Immunsystem- vegan",,"34,84 €",4.5,646,B00VU54RGC,8,https://www.amazon.de/Dr-Wolz-Vitalkomplex-500ml-Mikron%C3%A4hrstoff-Komplex/dp/B00VU54RGC/ref=sr_1_8?dib=eyJ2IjoiMSJ9.caHKipXvuySuiPDbBYRWW8Q3ZAgpx649L8OIjixeuMIOKxCdazJQNS6hyWOGYlhg2Q4eyvXOd4KBQsAckSMASDdE68nZCUqSxspsHzlKcWn_j3cBWGVpArYgaTCzD-QU7Ejx5Ooh-o46KHKQsE3XPHH_UX2sKMxqBQku4EXFGP6djGn6o3ysud20TVuxwKeiyMk3L_ip9CITHy9MxHytOkcTSrUE1xzPH5hm4Ltl1MYRbJemARvPeSQ_FXT8eOAwEi6id333-CEuFTUuXBN9ZhsQe4afRPiaCtwdWrdJvQA.flcX5s_U9CspEFwEvM6i1dyJ1e1xreOt6SN4duMgFok&dib_tag=se&keywords=Mikron%C3%A4hrstoffkonzentrat+Amazon&qid=1772612533&sr=8-8,3,34.84,0.9,0.8000030229925965,0.0571182548794489,0.6914248601729285
2026-03-04 09:22,Mikronährstoffkonzentrat Amazon,"Vital Ultra – 2x480 ml – Mikronährstoffkonzentrat mit Vitaminen, Mineralien, Spurenelementen, Pflanzenstoffen und Omega-3-Fettsäuren - flüssiges Lebensmittel aus über 70 Zutaten - bis zu 120 Portionen",,"59,97 €",4.3,3262,B0FT848DN4,9,https://www.amazon.de/Vital-Ultra-Mikron%C3%A4hrstoffkonzentrat-Spurenelementen-Omega-3-Fetts%C3%A4uren/dp/B0FT848DN4/ref=sr_1_9?dib=eyJ2IjoiMSJ9.caHKipXvuySuiPDbBYRWW8Q3ZAgpx649L8OIjixeuMIOKxCdazJQNS6hyWOGYlhg2Q4eyvXOd4KBQsAckSMASDdE68nZCUqSxspsHzlKcWn_j3cBWGVpArYgaTCzD-QU7Ejx5Ooh-o46KHKQsE3XPHH_UX2sKMxqBQku4EXFGP6djGn6o3ysud20TVuxwKeiyMk3L_ip9CITHy9MxHytOkcTSrUE1xzPH5hm4Ltl1MYRbJemARvPeSQ_FXT8eOAwEi6id333-CEuFTUuXBN9ZhsQe4afRPiaCtwdWrdJvQA.flcX5s_U9CspEFwEvM6i1dyJ1e1xreOt6SN4duMgFok&dib_tag=se&keywords=Mikron%C3%A4hrstoffkonzentrat+Amazon&qid=1772612533&sr=8-9,3,59.97,0.86,1.0,0.033183258295814574,0.7506366516591629
2026-03-04 09:22,Mikronährstoffkonzentrat Amazon,"Vital Mikronährstoffkonzentrat für 50 Tage - Multivitamin Formel mit Vitaminen, Mineralstoffen und sekundären Pflanzenstoffen - Getränkekonzentrat mit über 65 Zutaten",,"29,99 €",4.5,68,B0FF3CHMB1,10,https://www.amazon.de/Vital-Mikron%C3%A4hrstoffkonzentrat-Tage-Pflanzenstoffen-Getr%C3%A4nkekonzentrat/dp/B0FF3CHMB1/ref=sr_1_10?dib=eyJ2IjoiMSJ9.caHKipXvuySuiPDbBYRWW8Q3ZAgpx649L8OIjixeuMIOKxCdazJQNS6hyWOGYlhg2Q4eyvXOd4KBQsAckSMASDdE68nZCUqSxspsHzlKcWn_j3cBWGVpArYgaTCzD-QU7Ejx5Ooh-o46KHKQsE3XPHH_UX2sKMxqBQku4EXFGP6djGn6o3ysud20TVuxwKeiyMk3L_ip9CITHy9MxHytOkcTSrUE1xzPH5hm4Ltl1MYRbJemARvPeSQ_FXT8eOAwEi6id333-CEuFTUuXBN9ZhsQe4afRPiaCtwdWrdJvQA.flcX5s_U9CspEFwEvM6i1dyJ1e1xreOt6SN4duMgFok&dib_tag=se&keywords=Mikron%C3%A4hrstoffkonzentrat+Amazon&qid=1772612533&sr=8-10,3,29.99,0.9,0.5233493155686638,0.06635545181727243,0.5826108165909201
2026-03-04 09:22,Mikronährstoffkonzentrat Amazon,"Zirkulin Vital Mikronährstoffkonzentrat (6x200ml) – 120 Tage Reichweite - 66 Vitalstoffe aus Obst, Gemüse & Kräutern - Wertvolle Polyphenole – Vitamine & Mineralstoffe für die Familie",,"69,99 €",4.5,1111,B0DJGQRGG1,15,https://www.amazon.de/Zirkulin-Vital-Mikron%C3%A4hrstoffkonzentrat-6x200ml-Mineralstoffe/dp/B0DJGQRGG1/ref=sr_1_15?dib=eyJ2IjoiMSJ9.caHKipXvuySuiPDbBYRWW8Q3ZAgpx649L8OIjixeuMIOKxCdazJQNS6hyWOGYlhg2Q4eyvXOd4KBQsAckSMASDdE68nZCUqSxspsHzlKcWn_j3cBWGVpArYgaTCzD-QU7Ejx5Ooh-o46KHKQsE3XPHH_UX2sKMxqBQku4EXFGP6djGn6o3ysud20TVuxwKeiyMk3L_ip9CITHy9MxHytOkcTSrUE1xzPH5hm4Ltl1MYRbJemARvPeSQ_FXT8eOAwEi6id333-CEuFTUuXBN9ZhsQe4afRPiaCtwdWrdJvQA.flcX5s_U9CspEFwEvM6i1dyJ1e1xreOt6SN4duMgFok&dib_tag=se&keywords=Mikron%C3%A4hrstoffkonzentrat+Amazon&qid=1772612533&sr=8-15,3,69.99,0.9,0.8669427325961188,0.028432633233319047,0.7124636196851114
2026-03-04 09:22,Mikronährstoffkonzentrat Amazon,"Vital Ultra – 480 ml Mikronährstoffkonzentrat & 30 vegane Kapseln Darm-Symbiotika – Vitamine, Mineralien, Spurenelemente & 23 Bakterienkulturen – hochdosiert 10 Milliarden Keime je Kapsel",,"39,97 €",4.3,3262,B0DD3X5PYX,16,https://www.amazon.de/Vital-Ultra-Mikron%C3%A4hrstoffkonzentrat-Darm-Symbiotika-Bakterienkulturen/dp/B0DD3X5PYX/ref=sr_1_16?dib=eyJ2IjoiMSJ9.caHKipXvuySuiPDbBYRWW8Q3ZAgpx649L8OIjixeuMIOKxCdazJQNS6hyWOGYlhg2Q4eyvXOd4KBQsAckSMASDdE68nZCUqSxspsHzlKcWn_j3cBWGVpArYgaTCzD-QU7Ejx5Ooh-o46KHKQsE3XPHH_UX2sKMxqBQku4EXFGP6djGn6o3ysud20TVuxwKeiyMk3L_ip9CITHy9MxHytOkcTSrUE1xzPH5hm4Ltl1MYRbJemARvPeSQ_FXT8eOAwEi6id333-CEuFTUuXBN9ZhsQe4afRPiaCtwdWrdJvQA.flcX5s_U9CspEFwEvM6i1dyJ1e1xreOt6SN4duMgFok&dib_tag=se&keywords=Mikron%C3%A4hrstoffkonzentrat+Amazon&qid=1772612533&sr=8-16,3,39.97,0.86,1.0,0.04978734050537904,0.7539574681010758
