timestamp,keyword,title,brand,price,rating,reviews,asin,position,link
2026-03-04 15:13,Multivitamin Saft,"Valensina 6x1,0l PET milder Multivitamin 100% Saft",,"14,94 €",4.6,90,B0B3NFHBW9,1,https://www.amazon.de/Valensina-milder-Multivitamin-100-Saft/dp/B0B3NFHBW9/ref=sr_1_1?dib=eyJ2IjoiMSJ9.KcOKPTkWD4DV4s3cqbSJh9cW9eXmuumx-Qp3SPtLOI4UI3W2bqtKg36GETbpBWJIi3wQdalGBL9KRIDptpoZ13PvWfIkXJOuXNyYHSo0Iv6QTfSBlUgrX7TH5NEYDkYM_xI9NG_2XDLedECg95cYQxPeCWnlBSZKj_dNVno54IVapxINQIEaeZtRDNiOJpFZXyj2XSSORVFP16LA5gt2u8CKqX_tZecJ4_QFAXAQc9nqG4FDtYewopHd-oFwX-_XRmeuNrCbDgtuY9xN8Vlg5t3SN-exmu2fsy7B26-QZZ4.5qy-Ebf3m8YqkyyjFqTXB7xfHn3NZXEETUyHHrcMv64&dib_tag=se&keywords=Multivitamin+Saft&qid=1772631122&sr=8-1
2026-03-04 15:13,Multivitamin Saft,"hohes C Milder Multivitamin (1 x 1,5l), 100% Saft, Apfel, Orange, Acerola, Mango, 7 Vitamine, ohne Zuckerzusatz laut Gesetz, weniger Säure, vegan",,"3,59 €",4.6,266,B09JZQ9MC8,2,https://www.amazon.de/hohes-Milder-Multivitamin-100-Saft/dp/B09JZQ9MC8/ref=sr_1_2?dib=eyJ2IjoiMSJ9.KcOKPTkWD4DV4s3cqbSJh9cW9eXmuumx-Qp3SPtLOI4UI3W2bqtKg36GETbpBWJIi3wQdalGBL9KRIDptpoZ13PvWfIkXJOuXNyYHSo0Iv6QTfSBlUgrX7TH5NEYDkYM_xI9NG_2XDLedECg95cYQxPeCWnlBSZKj_dNVno54IVapxINQIEaeZtRDNiOJpFZXyj2XSSORVFP16LA5gt2u8CKqX_tZecJ4_QFAXAQc9nqG4FDtYewopHd-oFwX-_XRmeuNrCbDgtuY9xN8Vlg5t3SN-exmu2fsy7B26-QZZ4.5qy-Ebf3m8YqkyyjFqTXB7xfHn3NZXEETUyHHrcMv64&dib_tag=se&keywords=Multivitamin+Saft&qid=1772631122&sr=8-2
2026-03-04 15:13,Multivitamin Saft,"Vital Ultra - 480 ml - Mikronährstoffkonzentrat mit Vitaminen, Mineralien, Spurenelementen, Pflanzenstoffen und Omega-3-Fettsäuren - flüssiges Lebensmittel aus über 70 Zutaten mit bis zu 60 Portionen",,"33,30 €",4.3,3262,B0168KNAKW,3,https://www.amazon.de/Vital-Ultra-Spurenelementen-Pflanzenstoffen-Omega-3-Fetts%C3%A4uren/dp/B0168KNAKW/ref=sr_1_3?dib=eyJ2IjoiMSJ9.KcOKPTkWD4DV4s3cqbSJh9cW9eXmuumx-Qp3SPtLOI4UI3W2bqtKg36GETbpBWJIi3wQdalGBL9KRIDptpoZ13PvWfIkXJOuXNyYHSo0Iv6QTfSBlUgrX7TH5NEYDkYM_xI9NG_2XDLedECg95cYQxPeCWnlBSZKj_dNVno54IVapxINQIEaeZtRDNiOJpFZXyj2XSSORVFP16LA5gt2u8CKqX_tZecJ4_QFAXAQc9nqG4FDtYewopHd-oFwX-_XRmeuNrCbDgtuY9xN8Vlg5t3SN-exmu2fsy7B26-QZZ4.5qy-Ebf3m8YqkyyjFqTXB7xfHn3NZXEETUyHHrcMv64&dib_tag=se&keywords=Multivitamin+Saft&qid=1772631122&sr=8-3
2026-03-04 15:13,Multivitamin Saft,"Pfanner Multivitamin Fruchtgetränk (6 x 1,5 l) – Multi Getränk aus 12 Früchten - 10% Fruchtgehalt - Fruchtgetränk im Vorratspack",,"11,34 €",4.5,901,B014UVQJWW,4,https://www.amazon.de/Pfanner-Multivitamin-Mehrfrucht-12-1-5/dp/B014UVQJWW/ref=sr_1_4?dib=eyJ2IjoiMSJ9.KcOKPTkWD4DV4s3cqbSJh9cW9eXmuumx-Qp3SPtLOI4UI3W2bqtKg36GETbpBWJIi3wQdalGBL9KRIDptpoZ13PvWfIkXJOuXNyYHSo0Iv6QTfSBlUgrX7TH5NEYDkYM_xI9NG_2XDLedECg95cYQxPeCWnlBSZKj_dNVno54IVapxINQIEaeZtRDNiOJpFZXyj2XSSORVFP16LA5gt2u8CKqX_tZecJ4_QFAXAQc9nqG4FDtYewopHd-oFwX-_XRmeuNrCbDgtuY9xN8Vlg5t3SN-exmu2fsy7B26-QZZ4.5qy-Ebf3m8YqkyyjFqTXB7xfHn3NZXEETUyHHrcMv64&dib_tag=se&keywords=Multivitamin+Saft&qid=1772631122&sr=8-4
2026-03-04 15:13,Multivitamin Saft,Pfanner Multivitaminsaft (8 x 1 l) - 100% Fruchtgehalt – Saft aus 13 Früchten - Mehrfruchtsaft im Vorratspack,,"17,64 €",4.4,1198,B06ZZRX62M,5,https://www.amazon.de/Pfanner-51004-Multivitaminsaft-8er-Pack/dp/B06ZZRX62M/ref=sr_1_5?dib=eyJ2IjoiMSJ9.KcOKPTkWD4DV4s3cqbSJh9cW9eXmuumx-Qp3SPtLOI4UI3W2bqtKg36GETbpBWJIi3wQdalGBL9KRIDptpoZ13PvWfIkXJOuXNyYHSo0Iv6QTfSBlUgrX7TH5NEYDkYM_xI9NG_2XDLedECg95cYQxPeCWnlBSZKj_dNVno54IVapxINQIEaeZtRDNiOJpFZXyj2XSSORVFP16LA5gt2u8CKqX_tZecJ4_QFAXAQc9nqG4FDtYewopHd-oFwX-_XRmeuNrCbDgtuY9xN8Vlg5t3SN-exmu2fsy7B26-QZZ4.5qy-Ebf3m8YqkyyjFqTXB7xfHn3NZXEETUyHHrcMv64&dib_tag=se&keywords=Multivitamin+Saft&qid=1772631122&sr=8-5
2026-03-04 15:13,Multivitamin Saft,"hohes C Milder Multivitamin (1 x 1l), 100% Saft, Apfel, Orange, Acerola, Mango, 7 Vitamine, ohne Zuckerzusatz laut Gesetz, weniger Säure, vegan, mit recyceltem PET",,"2,99 €",4.5,171,B09C5S95FM,6,https://www.amazon.de/hohes-Milder-Multivitamin-100-EINWEG/dp/B09C5S95FM/ref=sr_1_6_de_f3_0o_knspr?dib=eyJ2IjoiMSJ9.KcOKPTkWD4DV4s3cqbSJh9cW9eXmuumx-Qp3SPtLOI4UI3W2bqtKg36GETbpBWJIi3wQdalGBL9KRIDptpoZ13PvWfIkXJOuXNyYHSo0Iv6QTfSBlUgrX7TH5NEYDkYM_xI9NG_2XDLedECg95cYQxPeCWnlBSZKj_dNVno54IVapxINQIEaeZtRDNiOJpFZXyj2XSSORVFP16LA5gt2u8CKqX_tZecJ4_QFAXAQc9nqG4FDtYewopHd-oFwX-_XRmeuNrCbDgtuY9xN8Vlg5t3SN-exmu2fsy7B26-QZZ4.5qy-Ebf3m8YqkyyjFqTXB7xfHn3NZXEETUyHHrcMv64&dib_tag=se&keywords=Multivitamin+Saft&qid=1772631122&sr=8-6
2026-03-04 15:13,Multivitamin Saft,"hohes C Multivitamin (6 x 1l), 100% Saft, Apfel, Orange, Ananas, Maracuja, Mango, 9 Vitamine, ohne Zuckerzusatz laut Gesetz, vegan",,"17,34 €",4.7,611,B09C5R9RTV,7,https://www.amazon.de/hohes-Multivitamin-100-Saft-1l/dp/B09C5R9RTV/ref=sr_1_7?dib=eyJ2IjoiMSJ9.KcOKPTkWD4DV4s3cqbSJh9cW9eXmuumx-Qp3SPtLOI4UI3W2bqtKg36GETbpBWJIi3wQdalGBL9KRIDptpoZ13PvWfIkXJOuXNyYHSo0Iv6QTfSBlUgrX7TH5NEYDkYM_xI9NG_2XDLedECg95cYQxPeCWnlBSZKj_dNVno54IVapxINQIEaeZtRDNiOJpFZXyj2XSSORVFP16LA5gt2u8CKqX_tZecJ4_QFAXAQc9nqG4FDtYewopHd-oFwX-_XRmeuNrCbDgtuY9xN8Vlg5t3SN-exmu2fsy7B26-QZZ4.5qy-Ebf3m8YqkyyjFqTXB7xfHn3NZXEETUyHHrcMv64&dib_tag=se&keywords=Multivitamin+Saft&qid=1772631122&sr=8-7
2026-03-04 15:13,Multivitamin Saft,"granini Trinkgenuss Multivitamin (6 x 1l), mindestes 50% Frucht, Mehrfruchtnektar, vegan, natürlich, mit Pfand",,"16,14 €",4.6,259,B0CC2XC73X,8,https://www.amazon.de/Trinkgenuss-Multivitamin-mindestes-Mehrfruchtnektar-nat%C3%BCrlich/dp/B0CC2XC73X/ref=sr_1_8?dib=eyJ2IjoiMSJ9.KcOKPTkWD4DV4s3cqbSJh9cW9eXmuumx-Qp3SPtLOI4UI3W2bqtKg36GETbpBWJIi3wQdalGBL9KRIDptpoZ13PvWfIkXJOuXNyYHSo0Iv6QTfSBlUgrX7TH5NEYDkYM_xI9NG_2XDLedECg95cYQxPeCWnlBSZKj_dNVno54IVapxINQIEaeZtRDNiOJpFZXyj2XSSORVFP16LA5gt2u8CKqX_tZecJ4_QFAXAQc9nqG4FDtYewopHd-oFwX-_XRmeuNrCbDgtuY9xN8Vlg5t3SN-exmu2fsy7B26-QZZ4.5qy-Ebf3m8YqkyyjFqTXB7xfHn3NZXEETUyHHrcMv64&dib_tag=se&keywords=Multivitamin+Saft&qid=1772631122&sr=8-8
2026-03-04 15:13,Multivitamin Saft,"hohes C Multivitamin (1 x 1l), 100% Saft, Apfel, Orange, Ananas, Maracuja, Mango, 9 Vitamine, ohne Zuckerzusatz laut Gesetz, vegan, mit recyceltem PET",,"3,49 €",4.8,60,B09C5RDKX3,9,https://www.amazon.de/Hohes-hohes-Multivitamin-100-Saft/dp/B09C5RDKX3/ref=sr_1_9_de_f3_0o_knspr?dib=eyJ2IjoiMSJ9.KcOKPTkWD4DV4s3cqbSJh9cW9eXmuumx-Qp3SPtLOI4UI3W2bqtKg36GETbpBWJIi3wQdalGBL9KRIDptpoZ13PvWfIkXJOuXNyYHSo0Iv6QTfSBlUgrX7TH5NEYDkYM_xI9NG_2XDLedECg95cYQxPeCWnlBSZKj_dNVno54IVapxINQIEaeZtRDNiOJpFZXyj2XSSORVFP16LA5gt2u8CKqX_tZecJ4_QFAXAQc9nqG4FDtYewopHd-oFwX-_XRmeuNrCbDgtuY9xN8Vlg5t3SN-exmu2fsy7B26-QZZ4.5qy-Ebf3m8YqkyyjFqTXB7xfHn3NZXEETUyHHrcMv64&dib_tag=se&keywords=Multivitamin+Saft&qid=1772631122&sr=8-9
2026-03-04 15:13,Multivitamin Saft,"Zirkulin Vital Mikronährstoffkonzentrat (200ml) – 20 Tage Reichweite - 66 Vitalstoffe aus Obst, Gemüse & Kräutern - Wertvolle Polyphenole – Vitamine & Mineralstoffe für die Familie",,"14,95 €",4.4,1029,B0DJGP3XQC,10,https://www.amazon.de/Zirkulin-Vital-Mikron%C3%A4hrstoffkonzentrat-200ml-Mineralstoffe/dp/B0DJGP3XQC/ref=sr_1_10?dib=eyJ2IjoiMSJ9.KcOKPTkWD4DV4s3cqbSJh9cW9eXmuumx-Qp3SPtLOI4UI3W2bqtKg36GETbpBWJIi3wQdalGBL9KRIDptpoZ13PvWfIkXJOuXNyYHSo0Iv6QTfSBlUgrX7TH5NEYDkYM_xI9NG_2XDLedECg95cYQxPeCWnlBSZKj_dNVno54IVapxINQIEaeZtRDNiOJpFZXyj2XSSORVFP16LA5gt2u8CKqX_tZecJ4_QFAXAQc9nqG4FDtYewopHd-oFwX-_XRmeuNrCbDgtuY9xN8Vlg5t3SN-exmu2fsy7B26-QZZ4.5qy-Ebf3m8YqkyyjFqTXB7xfHn3NZXEETUyHHrcMv64&dib_tag=se&keywords=Multivitamin+Saft&qid=1772631122&sr=8-10
2026-03-04 15:13,Multivitamin Saft,"Pfanner Refresh + Vita - Multivitamin Fruchtgetränk (8 x 0,5 l) – Multi Getränk aus 12 Früchten - 10% Fruchtgehalt - Fruchtgetränk im Vorratspack",,"7,99 €",4.8,6,B0GC65BNRS,11,https://www.amazon.de/Pfanner-Refresh-Vita-Multivitamin-Fruchtgetr%C3%A4nk/dp/B0GC65BNRS/ref=sr_1_11?dib=eyJ2IjoiMSJ9.KcOKPTkWD4DV4s3cqbSJh9cW9eXmuumx-Qp3SPtLOI4UI3W2bqtKg36GETbpBWJIi3wQdalGBL9KRIDptpoZ13PvWfIkXJOuXNyYHSo0Iv6QTfSBlUgrX7TH5NEYDkYM_xI9NG_2XDLedECg95cYQxPeCWnlBSZKj_dNVno54IVapxINQIEaeZtRDNiOJpFZXyj2XSSORVFP16LA5gt2u8CKqX_tZecJ4_QFAXAQc9nqG4FDtYewopHd-oFwX-_XRmeuNrCbDgtuY9xN8Vlg5t3SN-exmu2fsy7B26-QZZ4.5qy-Ebf3m8YqkyyjFqTXB7xfHn3NZXEETUyHHrcMv64&dib_tag=se&keywords=Multivitamin+Saft&qid=1772631122&sr=8-11
2026-03-04 15:13,Multivitamin Saft,Rauch Happy Day Multivitamin mild | sanft und säurearm | mit 9 wertvollen Vitaminen und Calcium | 6x 1l Tetra Prisma,,"16,14 €",4.5,628,B07CKXBMJD,12,https://www.amazon.de/Happy-Day-Multivitamin-MILD-Pack/dp/B07CKXBMJD/ref=sr_1_12?dib=eyJ2IjoiMSJ9.KcOKPTkWD4DV4s3cqbSJh9cW9eXmuumx-Qp3SPtLOI4UI3W2bqtKg36GETbpBWJIi3wQdalGBL9KRIDptpoZ13PvWfIkXJOuXNyYHSo0Iv6QTfSBlUgrX7TH5NEYDkYM_xI9NG_2XDLedECg95cYQxPeCWnlBSZKj_dNVno54IVapxINQIEaeZtRDNiOJpFZXyj2XSSORVFP16LA5gt2u8CKqX_tZecJ4_QFAXAQc9nqG4FDtYewopHd-oFwX-_XRmeuNrCbDgtuY9xN8Vlg5t3SN-exmu2fsy7B26-QZZ4.5qy-Ebf3m8YqkyyjFqTXB7xfHn3NZXEETUyHHrcMv64&dib_tag=se&keywords=Multivitamin+Saft&qid=1772631122&sr=8-12
2026-03-04 15:13,Multivitamin Saft,"hohes C Milder Multivitamin (3 x 0,2l), 100% Saft, Apfel, Orange, Acerola, Mango, 7 Vitamine, ohne Zuckerzusatz laut Gesetz, weniger Säure, vegan",,"1,99 €",4.4,67,B09SG2J1FY,13,https://www.amazon.de/Hohes-Milder-Multivitamin-100-Saft/dp/B09SG2J1FY/ref=sr_1_13?dib=eyJ2IjoiMSJ9.KcOKPTkWD4DV4s3cqbSJh9cW9eXmuumx-Qp3SPtLOI4UI3W2bqtKg36GETbpBWJIi3wQdalGBL9KRIDptpoZ13PvWfIkXJOuXNyYHSo0Iv6QTfSBlUgrX7TH5NEYDkYM_xI9NG_2XDLedECg95cYQxPeCWnlBSZKj_dNVno54IVapxINQIEaeZtRDNiOJpFZXyj2XSSORVFP16LA5gt2u8CKqX_tZecJ4_QFAXAQc9nqG4FDtYewopHd-oFwX-_XRmeuNrCbDgtuY9xN8Vlg5t3SN-exmu2fsy7B26-QZZ4.5qy-Ebf3m8YqkyyjFqTXB7xfHn3NZXEETUyHHrcMv64&dib_tag=se&keywords=Multivitamin+Saft&qid=1772631122&sr=8-13
2026-03-04 15:13,Multivitamin Saft,"hohes C Milder Multivitamin (6 x 1l), 100% Saft, Apfel, Orange, Acerola, Mango, 7 Vitamine, ohne Zuckerzusatz laut Gesetz, weniger Säure, vegan",,"17,05 €",4.6,661,B09C5TKQZZ,14,https://www.amazon.de/hohes-Milder-Multivitamin-100-Saft/dp/B09C5TKQZZ/ref=sr_1_14?dib=eyJ2IjoiMSJ9.KcOKPTkWD4DV4s3cqbSJh9cW9eXmuumx-Qp3SPtLOI4UI3W2bqtKg36GETbpBWJIi3wQdalGBL9KRIDptpoZ13PvWfIkXJOuXNyYHSo0Iv6QTfSBlUgrX7TH5NEYDkYM_xI9NG_2XDLedECg95cYQxPeCWnlBSZKj_dNVno54IVapxINQIEaeZtRDNiOJpFZXyj2XSSORVFP16LA5gt2u8CKqX_tZecJ4_QFAXAQc9nqG4FDtYewopHd-oFwX-_XRmeuNrCbDgtuY9xN8Vlg5t3SN-exmu2fsy7B26-QZZ4.5qy-Ebf3m8YqkyyjFqTXB7xfHn3NZXEETUyHHrcMv64&dib_tag=se&keywords=Multivitamin+Saft&qid=1772631122&sr=8-14
2026-03-04 15:13,Multivitamin Saft,Doppelherz Multi-Vitamine Immun Family – 11 Vitamine + Magnesium sofort trinkfertig mit Multifruchtgeschmack – 250ml,,"6,89 €",4.6,252,B09GVWJ78Z,15,https://www.amazon.de/Doppelherz-Multi-Vitamine-Immun-Family-Multifruchtgeschmack/dp/B09GVWJ78Z/ref=sr_1_15?dib=eyJ2IjoiMSJ9.KcOKPTkWD4DV4s3cqbSJh9cW9eXmuumx-Qp3SPtLOI4UI3W2bqtKg36GETbpBWJIi3wQdalGBL9KRIDptpoZ13PvWfIkXJOuXNyYHSo0Iv6QTfSBlUgrX7TH5NEYDkYM_xI9NG_2XDLedECg95cYQxPeCWnlBSZKj_dNVno54IVapxINQIEaeZtRDNiOJpFZXyj2XSSORVFP16LA5gt2u8CKqX_tZecJ4_QFAXAQc9nqG4FDtYewopHd-oFwX-_XRmeuNrCbDgtuY9xN8Vlg5t3SN-exmu2fsy7B26-QZZ4.5qy-Ebf3m8YqkyyjFqTXB7xfHn3NZXEETUyHHrcMv64&dib_tag=se&keywords=Multivitamin+Saft&qid=1772631122&sr=8-15
2026-03-04 15:13,Multivitamin Saft,Rauch Happy Day Multivitamin | mit 9 wertvollen Vitaminen | eine Genussreise um die Welt | 6x 1l Tetra Prisma,,"16,14 €",4.6,139,B07CMDTK4Z,16,https://www.amazon.de/Happy-Day-Multivitamin-6er-Pack/dp/B07CMDTK4Z/ref=sr_1_16?dib=eyJ2IjoiMSJ9.KcOKPTkWD4DV4s3cqbSJh9cW9eXmuumx-Qp3SPtLOI4UI3W2bqtKg36GETbpBWJIi3wQdalGBL9KRIDptpoZ13PvWfIkXJOuXNyYHSo0Iv6QTfSBlUgrX7TH5NEYDkYM_xI9NG_2XDLedECg95cYQxPeCWnlBSZKj_dNVno54IVapxINQIEaeZtRDNiOJpFZXyj2XSSORVFP16LA5gt2u8CKqX_tZecJ4_QFAXAQc9nqG4FDtYewopHd-oFwX-_XRmeuNrCbDgtuY9xN8Vlg5t3SN-exmu2fsy7B26-QZZ4.5qy-Ebf3m8YqkyyjFqTXB7xfHn3NZXEETUyHHrcMv64&dib_tag=se&keywords=Multivitamin+Saft&qid=1772631122&sr=8-16
2026-03-04 15:13,Multivitamin Saft,Pfanner Pfirsich Nektar (1 x 2 l) – Fruchtnektar mit mind. 25% Fruchtgehalt – Getränk aus Pfirsichen,,"1,99 €",4.5,741,B00CY8M252,17,https://www.amazon.de/Pfirsichgetr%C3%A4nk-2l-Tetra-Pak-Pfanner/dp/B00CY8M252/ref=sr_1_17?dib=eyJ2IjoiMSJ9.KcOKPTkWD4DV4s3cqbSJh9cW9eXmuumx-Qp3SPtLOI4UI3W2bqtKg36GETbpBWJIi3wQdalGBL9KRIDptpoZ13PvWfIkXJOuXNyYHSo0Iv6QTfSBlUgrX7TH5NEYDkYM_xI9NG_2XDLedECg95cYQxPeCWnlBSZKj_dNVno54IVapxINQIEaeZtRDNiOJpFZXyj2XSSORVFP16LA5gt2u8CKqX_tZecJ4_QFAXAQc9nqG4FDtYewopHd-oFwX-_XRmeuNrCbDgtuY9xN8Vlg5t3SN-exmu2fsy7B26-QZZ4.5qy-Ebf3m8YqkyyjFqTXB7xfHn3NZXEETUyHHrcMv64&dib_tag=se&keywords=Multivitamin+Saft&qid=1772631122&sr=8-17
2026-03-04 15:13,Multivitamin Saft,"hohes C leichter Multi (6 x 1l), 60% Fruchtsaft, Multivitaminsaft, Vitamin C, ohne Zuckerzusatz laut Gesetz, vegan",,"18,27 €",4.5,90,B0DDQG246Q,18,https://www.amazon.de/leichter-Fruchtsaft-Multivitaminsaft-Zuckerzusatz-recyceltem/dp/B0DDQG246Q/ref=sr_1_18?dib=eyJ2IjoiMSJ9.KcOKPTkWD4DV4s3cqbSJh9cW9eXmuumx-Qp3SPtLOI4UI3W2bqtKg36GETbpBWJIi3wQdalGBL9KRIDptpoZ13PvWfIkXJOuXNyYHSo0Iv6QTfSBlUgrX7TH5NEYDkYM_xI9NG_2XDLedECg95cYQxPeCWnlBSZKj_dNVno54IVapxINQIEaeZtRDNiOJpFZXyj2XSSORVFP16LA5gt2u8CKqX_tZecJ4_QFAXAQc9nqG4FDtYewopHd-oFwX-_XRmeuNrCbDgtuY9xN8Vlg5t3SN-exmu2fsy7B26-QZZ4.5qy-Ebf3m8YqkyyjFqTXB7xfHn3NZXEETUyHHrcMv64&dib_tag=se&keywords=Multivitamin+Saft&qid=1772631122&sr=8-18
2026-03-04 15:13,Multivitamin Saft,"Salus Multi-Vitamin Energetikum (a) - 1x 500 ml - Tonikum mit 8 wichtigen Vitaminen - Vitamin A, B1, B2, Niacin (B3), B6, D3 und E - vegan - bio",,"17,77 €",4.0,293,B004GKGCZM,19,https://www.amazon.de/Salus-Multi-Vitamin-Energetikum-Familienpackung/dp/B004GKGCZM/ref=sr_1_19?dib=eyJ2IjoiMSJ9.KcOKPTkWD4DV4s3cqbSJh9cW9eXmuumx-Qp3SPtLOI4UI3W2bqtKg36GETbpBWJIi3wQdalGBL9KRIDptpoZ13PvWfIkXJOuXNyYHSo0Iv6QTfSBlUgrX7TH5NEYDkYM_xI9NG_2XDLedECg95cYQxPeCWnlBSZKj_dNVno54IVapxINQIEaeZtRDNiOJpFZXyj2XSSORVFP16LA5gt2u8CKqX_tZecJ4_QFAXAQc9nqG4FDtYewopHd-oFwX-_XRmeuNrCbDgtuY9xN8Vlg5t3SN-exmu2fsy7B26-QZZ4.5qy-Ebf3m8YqkyyjFqTXB7xfHn3NZXEETUyHHrcMv64&dib_tag=se&keywords=Multivitamin+Saft&qid=1772631122&sr=8-19
2026-03-04 15:13,Multivitamin Saft,"Pfanner Gourmet 100% Multivitaminsaft – 24 x 0,2L Einwegglas – Hochwertiger Multivitamin Saft aus Konzentrat – Für Gastronomie, Hotellerie & anspruchsvollen Genuss zuhause",,"26,16 €",4.4,30,B0FFMGJSN5,20,https://www.amazon.de/Pfanner-Gourmet-100-Multivitaminsaft-anspruchsvollen/dp/B0FFMGJSN5/ref=sr_1_20?dib=eyJ2IjoiMSJ9.KcOKPTkWD4DV4s3cqbSJh9cW9eXmuumx-Qp3SPtLOI4UI3W2bqtKg36GETbpBWJIi3wQdalGBL9KRIDptpoZ13PvWfIkXJOuXNyYHSo0Iv6QTfSBlUgrX7TH5NEYDkYM_xI9NG_2XDLedECg95cYQxPeCWnlBSZKj_dNVno54IVapxINQIEaeZtRDNiOJpFZXyj2XSSORVFP16LA5gt2u8CKqX_tZecJ4_QFAXAQc9nqG4FDtYewopHd-oFwX-_XRmeuNrCbDgtuY9xN8Vlg5t3SN-exmu2fsy7B26-QZZ4.5qy-Ebf3m8YqkyyjFqTXB7xfHn3NZXEETUyHHrcMv64&dib_tag=se&keywords=Multivitamin+Saft&qid=1772631122&sr=8-20
2026-03-04 15:13,Vitamin Komplex Flüssig,"Vital Ultra - 480 ml - Mikronährstoffkonzentrat mit Vitaminen, Mineralien, Spurenelementen, Pflanzenstoffen und Omega-3-Fettsäuren - flüssiges Lebensmittel aus über 70 Zutaten mit bis zu 60 Portionen",,"33,30 €",4.3,3262,B0168KNAKW,1,https://www.amazon.de/sspa/click?ie=UTF8&spc=MTo3MDY5OTcxMzM0NDIwNTk6MTc3MjYzMTEyNDpzcF9hdGY6MjAwMzE5MTQ0MzYyMDE6OjA6Og&url=%2FVital-Ultra-Spurenelementen-Pflanzenstoffen-Omega-3-Fetts%25C3%25A4uren%2Fdp%2FB0168KNAKW%2Fref%3Dsr_1_1_sspa%3Fdib%3DeyJ2IjoiMSJ9.HYwAdCz8MFgfJJYXLVzw09UOAK4XDaMCp1EyuM--WW8luAJXIiZYLL0LizKXyJCC-L_ZZqH674SD1fjAexQC8j_OB-b9r1yk67uaebLjA_n2CZHOdJxG_cK-RIHrK_L5P7RSk5g2HCbh2DLg-RvXEUsxlZeahiVQZgRBtmc2QCCtMsD38-bZWUSMjXoh7qSn9OSDKuiER_qW0Od5wi3h6AdzN6DQD6cjSZRVSMTDyOJsor3W9xbCnVNPanx0QW0qpjtMCY3ToNwDEm5YztUcVg5zJSYYG0uKzSgQAI0jVrk.K5HW6U7aYZP9_OhHQcCBFIqWckfRvJxJhctG915gg0g%26dib_tag%3Dse%26keywords%3DVitamin%2BKomplex%2BFl%25C3%25BCssig%26qid%3D1772631124%26sr%3D8-1-spons%26aref%3DyG23WIriWA%26sp_csd%3Dd2lkZ2V0TmFtZT1zcF9hdGY%26psc%3D1&aref=yG23WIriWA&sp_cr=DUB
2026-03-04 15:13,Vitamin Komplex Flüssig,"Zirkulin Vital Mikronährstoffkonzentrat (200ml) – 20 Tage Reichweite - 66 Vitalstoffe aus Obst, Gemüse & Kräutern - Wertvolle Polyphenole – Vitamine & Mineralstoffe für die Familie",,"14,95 €",4.4,1029,B0DJGP3XQC,2,https://www.amazon.de/sspa/click?ie=UTF8&spc=MTo3MDY5OTcxMzM0NDIwNTk6MTc3MjYzMTEyNDpzcF9hdGY6MzAwMzU5NDE0NjgyOTMyOjowOjo&url=%2FZirkulin-Vital-Mikron%25C3%25A4hrstoffkonzentrat-200ml-Mineralstoffe%2Fdp%2FB0DJGP3XQC%2Fref%3Dsr_1_2_sspa%3Fdib%3DeyJ2IjoiMSJ9.HYwAdCz8MFgfJJYXLVzw09UOAK4XDaMCp1EyuM--WW8luAJXIiZYLL0LizKXyJCC-L_ZZqH674SD1fjAexQC8j_OB-b9r1yk67uaebLjA_n2CZHOdJxG_cK-RIHrK_L5P7RSk5g2HCbh2DLg-RvXEUsxlZeahiVQZgRBtmc2QCCtMsD38-bZWUSMjXoh7qSn9OSDKuiER_qW0Od5wi3h6AdzN6DQD6cjSZRVSMTDyOJsor3W9xbCnVNPanx0QW0qpjtMCY3ToNwDEm5YztUcVg5zJSYYG0uKzSgQAI0jVrk.K5HW6U7aYZP9_OhHQcCBFIqWckfRvJxJhctG915gg0g%26dib_tag%3Dse%26keywords%3DVitamin%2BKomplex%2BFl%25C3%25BCssig%26qid%3D1772631124%26sr%3D8-2-spons%26aref%3DGhViCOfrE0%26sp_csd%3Dd2lkZ2V0TmFtZT1zcF9hdGY%26psc%3D1&aref=GhViCOfrE0&sp_cr=DUB
2026-03-04 15:13,Vitamin Komplex Flüssig,"Multivitamin Pulver + Magnesium, Zink & Selen - Vitamine A-Z hochdosiert - Immunsystem stärken - hochwertige Mikronährstoffe - ohne Zuckerzusatz - vegan - in Deutschland hergestellt - ACE Geschmack",,"39,90 €",4.4,584,B0C1SZVWBV,3,https://www.amazon.de/sspa/click?ie=UTF8&spc=MTo3MDY5OTcxMzM0NDIwNTk6MTc3MjYzMTEyNDpzcF9hdGY6MzAwMDI0MjcwOTA0NzMyOjowOjo&url=%2FVitapow-Multivitamin-Pulver-Mineralien-Mikron%25C3%25A4hrstoffe%2Fdp%2FB0C1SZVWBV%2Fref%3Dsr_1_3_sspa%3Fdib%3DeyJ2IjoiMSJ9.HYwAdCz8MFgfJJYXLVzw09UOAK4XDaMCp1EyuM--WW8luAJXIiZYLL0LizKXyJCC-L_ZZqH674SD1fjAexQC8j_OB-b9r1yk67uaebLjA_n2CZHOdJxG_cK-RIHrK_L5P7RSk5g2HCbh2DLg-RvXEUsxlZeahiVQZgRBtmc2QCCtMsD38-bZWUSMjXoh7qSn9OSDKuiER_qW0Od5wi3h6AdzN6DQD6cjSZRVSMTDyOJsor3W9xbCnVNPanx0QW0qpjtMCY3ToNwDEm5YztUcVg5zJSYYG0uKzSgQAI0jVrk.K5HW6U7aYZP9_OhHQcCBFIqWckfRvJxJhctG915gg0g%26dib_tag%3Dse%26keywords%3DVitamin%2BKomplex%2BFl%25C3%25BCssig%26qid%3D1772631124%26sr%3D8-3-spons%26aref%3DJWBEq7s6J5%26sp_csd%3Dd2lkZ2V0TmFtZT1zcF9hdGY%26psc%3D1&aref=JWBEq7s6J5&sp_cr=DUB
2026-03-04 15:13,Vitamin Komplex Flüssig,"Life Essence Mikronährstoffkonzentrat mit 80+ Zutaten – Hochdosiert mit Vitaminen, Mineralstoffen, Antioxidantien & Pflanzenextrakten – Unterstützt Immunsystem, Stoffwechsel & Energie – 35 Tagesration",,"29,90 €",4.1,7,B0G1N54STQ,4,https://www.amazon.de/sspa/click?ie=UTF8&spc=MTo3MDY5OTcxMzM0NDIwNTk6MTc3MjYzMTEyNDpzcF9hdGY6MzAwOTM4NDgyMTc1ODMyOjowOjo&url=%2FLife-Essence-Mikron%25C3%25A4hrstoffkonzentrat-Zutaten-Pflanzenextrakten%2Fdp%2FB0G1N54STQ%2Fref%3Dsr_1_4_sspa%3Fdib%3DeyJ2IjoiMSJ9.HYwAdCz8MFgfJJYXLVzw09UOAK4XDaMCp1EyuM--WW8luAJXIiZYLL0LizKXyJCC-L_ZZqH674SD1fjAexQC8j_OB-b9r1yk67uaebLjA_n2CZHOdJxG_cK-RIHrK_L5P7RSk5g2HCbh2DLg-RvXEUsxlZeahiVQZgRBtmc2QCCtMsD38-bZWUSMjXoh7qSn9OSDKuiER_qW0Od5wi3h6AdzN6DQD6cjSZRVSMTDyOJsor3W9xbCnVNPanx0QW0qpjtMCY3ToNwDEm5YztUcVg5zJSYYG0uKzSgQAI0jVrk.K5HW6U7aYZP9_OhHQcCBFIqWckfRvJxJhctG915gg0g%26dib_tag%3Dse%26keywords%3DVitamin%2BKomplex%2BFl%25C3%25BCssig%26qid%3D1772631124%26sr%3D8-4-spons%26aref%3DkfAYZrPMPS%26sp_csd%3Dd2lkZ2V0TmFtZT1zcF9hdGY%26psc%3D1&aref=kfAYZrPMPS&sp_cr=DUB
2026-03-04 15:13,Vitamin Komplex Flüssig,"Vegan Essentials Vitaminkomplex | Vitamine A, B12, B2, D3 + K2, Folat, Eisen, Selen, Jod, Calcium | Hochdosiert und Bioverfügbar | Laborgeprüft | Ohne Zusatzstoffe | Deutsche Produktion von Vegavero",,"19,90 €",4.5,308,B08VX84KW4,5,https://www.amazon.de/sspa/click?ie=UTF8&spc=MTo3MDY5OTcxMzM0NDIwNTk6MTc3MjYzMTEyNDpzcF9hdGY6MzAwODE1NjgwMDgxNDMyOjowOjo&url=%2FESSENTIALS-Hochdosiert-Bioverf%25C3%25BCgbar-Vertr%25C3%25A4glich-Multivitamin%2Fdp%2FB08VX84KW4%2Fref%3Dsr_1_5_sspa%3Fdib%3DeyJ2IjoiMSJ9.HYwAdCz8MFgfJJYXLVzw09UOAK4XDaMCp1EyuM--WW8luAJXIiZYLL0LizKXyJCC-L_ZZqH674SD1fjAexQC8j_OB-b9r1yk67uaebLjA_n2CZHOdJxG_cK-RIHrK_L5P7RSk5g2HCbh2DLg-RvXEUsxlZeahiVQZgRBtmc2QCCtMsD38-bZWUSMjXoh7qSn9OSDKuiER_qW0Od5wi3h6AdzN6DQD6cjSZRVSMTDyOJsor3W9xbCnVNPanx0QW0qpjtMCY3ToNwDEm5YztUcVg5zJSYYG0uKzSgQAI0jVrk.K5HW6U7aYZP9_OhHQcCBFIqWckfRvJxJhctG915gg0g%26dib_tag%3Dse%26keywords%3DVitamin%2BKomplex%2BFl%25C3%25BCssig%26qid%3D1772631124%26sr%3D8-5-spons%26aref%3DW0pzmYxWRs%26sp_csd%3Dd2lkZ2V0TmFtZT1zcF9hdGY%26psc%3D1&aref=W0pzmYxWRs&sp_cr=DUB
2026-03-04 15:13,Vitamin Komplex Flüssig,Multivitamin Komplex Tropfen | 480ml | Vegan | 20 essentielle Nährstoffe | Hochdosiert Vitamin | 30 Portionen | Orangengeschmack | Horbaach,,"14,66 €",4.2,55,B0DTHZQ82V,6,https://www.amazon.de/Multivitamin-essentielle-N%C3%A4hrstoffe-Hochdosiert-Orangengeschmack/dp/B0DTHZQ82V/ref=sr_1_6?dib=eyJ2IjoiMSJ9.HYwAdCz8MFgfJJYXLVzw09UOAK4XDaMCp1EyuM--WW8luAJXIiZYLL0LizKXyJCC-L_ZZqH674SD1fjAexQC8j_OB-b9r1yk67uaebLjA_n2CZHOdJxG_cK-RIHrK_L5P7RSk5g2HCbh2DLg-RvXEUsxlZeahiVQZgRBtmc2QCCtMsD38-bZWUSMjXoh7qSn9OSDKuiER_qW0Od5wi3h6AdzN6DQD6cjSZRVSMTDyOJsor3W9xbCnVNPanx0QW0qpjtMCY3ToNwDEm5YztUcVg5zJSYYG0uKzSgQAI0jVrk.K5HW6U7aYZP9_OhHQcCBFIqWckfRvJxJhctG915gg0g&dib_tag=se&keywords=Vitamin+Komplex+Fl%C3%BCssig&qid=1772631124&sr=8-6
2026-03-04 15:13,Vitamin Komplex Flüssig,"Vital Ultra - 480 ml - Mikronährstoffkonzentrat mit Vitaminen, Mineralien, Spurenelementen, Pflanzenstoffen und Omega-3-Fettsäuren - flüssiges Lebensmittel aus über 70 Zutaten mit bis zu 60 Portionen",,"33,30 €",4.3,3262,B0168KNAKW,7,https://www.amazon.de/Vital-Ultra-Spurenelementen-Pflanzenstoffen-Omega-3-Fetts%C3%A4uren/dp/B0168KNAKW/ref=sr_1_7?dib=eyJ2IjoiMSJ9.HYwAdCz8MFgfJJYXLVzw09UOAK4XDaMCp1EyuM--WW8luAJXIiZYLL0LizKXyJCC-L_ZZqH674SD1fjAexQC8j_OB-b9r1yk67uaebLjA_n2CZHOdJxG_cK-RIHrK_L5P7RSk5g2HCbh2DLg-RvXEUsxlZeahiVQZgRBtmc2QCCtMsD38-bZWUSMjXoh7qSn9OSDKuiER_qW0Od5wi3h6AdzN6DQD6cjSZRVSMTDyOJsor3W9xbCnVNPanx0QW0qpjtMCY3ToNwDEm5YztUcVg5zJSYYG0uKzSgQAI0jVrk.K5HW6U7aYZP9_OhHQcCBFIqWckfRvJxJhctG915gg0g&dib_tag=se&keywords=Vitamin+Komplex+Fl%C3%BCssig&qid=1772631124&sr=8-7
2026-03-04 15:13,Vitamin Komplex Flüssig,"Dr. Wolz Vitalkomplex 500ml - Mikronährstoff-Komplex mit 95 Zutaten - Vitamine, Mineralstoffe, Spurenelemente & Sekundäre Pflanzenstoffe – Vita Saft Konzentrat für Immunsystem- vegan",,"34,85 €",4.5,646,B00VU54RGC,8,https://www.amazon.de/Dr-Wolz-Vitalkomplex-500ml-Mikron%C3%A4hrstoff-Komplex/dp/B00VU54RGC/ref=sr_1_8?dib=eyJ2IjoiMSJ9.HYwAdCz8MFgfJJYXLVzw09UOAK4XDaMCp1EyuM--WW8luAJXIiZYLL0LizKXyJCC-L_ZZqH674SD1fjAexQC8j_OB-b9r1yk67uaebLjA_n2CZHOdJxG_cK-RIHrK_L5P7RSk5g2HCbh2DLg-RvXEUsxlZeahiVQZgRBtmc2QCCtMsD38-bZWUSMjXoh7qSn9OSDKuiER_qW0Od5wi3h6AdzN6DQD6cjSZRVSMTDyOJsor3W9xbCnVNPanx0QW0qpjtMCY3ToNwDEm5YztUcVg5zJSYYG0uKzSgQAI0jVrk.K5HW6U7aYZP9_OhHQcCBFIqWckfRvJxJhctG915gg0g&dib_tag=se&keywords=Vitamin+Komplex+Fl%C3%BCssig&qid=1772631124&sr=8-8
2026-03-04 15:13,Vitamin Komplex Flüssig,Vegan All-in-One Tropfen - Vitamin B12+B2+B6+B9 Folsäure + Zink + Eisen + Selen + Natrium + Kalium + Jod - Komplex mit natürlichem Tropical Fruchtgeschmack (20ml = ca. 4 Monats-Vorrat),,"27,99 €",4.4,102,B0DTNM7ZDD,9,https://www.amazon.de/Vegan-All-One-Tropfen-Fruchtgeschmack/dp/B0DTNM7ZDD/ref=sr_1_9?dib=eyJ2IjoiMSJ9.HYwAdCz8MFgfJJYXLVzw09UOAK4XDaMCp1EyuM--WW8luAJXIiZYLL0LizKXyJCC-L_ZZqH674SD1fjAexQC8j_OB-b9r1yk67uaebLjA_n2CZHOdJxG_cK-RIHrK_L5P7RSk5g2HCbh2DLg-RvXEUsxlZeahiVQZgRBtmc2QCCtMsD38-bZWUSMjXoh7qSn9OSDKuiER_qW0Od5wi3h6AdzN6DQD6cjSZRVSMTDyOJsor3W9xbCnVNPanx0QW0qpjtMCY3ToNwDEm5YztUcVg5zJSYYG0uKzSgQAI0jVrk.K5HW6U7aYZP9_OhHQcCBFIqWckfRvJxJhctG915gg0g&dib_tag=se&keywords=Vitamin+Komplex+Fl%C3%BCssig&qid=1772631124&sr=8-9
2026-03-04 15:13,Vitamin Komplex Flüssig,"VITACTIV Family Immun Aktiv - 300ml Mikronährstoffkonzentrat - Multivitamin Konzentrat mit Weintraubenkern & Holunder Extrakt - Plus Mineralstoffe & Spurenelemente - Fruchtgeschmack, max. 60 Portionen",,"19,99 €",4.4,169,B0DHXWXM48,10,https://www.amazon.de/VITACTIV-Family-Immun-Aktiv-Mikron%C3%A4hrstoffkonzentrat/dp/B0DHXWXM48/ref=sr_1_10?dib=eyJ2IjoiMSJ9.HYwAdCz8MFgfJJYXLVzw09UOAK4XDaMCp1EyuM--WW8luAJXIiZYLL0LizKXyJCC-L_ZZqH674SD1fjAexQC8j_OB-b9r1yk67uaebLjA_n2CZHOdJxG_cK-RIHrK_L5P7RSk5g2HCbh2DLg-RvXEUsxlZeahiVQZgRBtmc2QCCtMsD38-bZWUSMjXoh7qSn9OSDKuiER_qW0Od5wi3h6AdzN6DQD6cjSZRVSMTDyOJsor3W9xbCnVNPanx0QW0qpjtMCY3ToNwDEm5YztUcVg5zJSYYG0uKzSgQAI0jVrk.K5HW6U7aYZP9_OhHQcCBFIqWckfRvJxJhctG915gg0g&dib_tag=se&keywords=Vitamin+Komplex+Fl%C3%BCssig&qid=1772631124&sr=8-10
2026-03-04 15:13,Vitamin Komplex Flüssig,VITAMIN B KOMPLEX Tonikum Salus 250 ml,,"8,83 €",4.4,319,B01HZMD4W6,11,https://www.amazon.de/sspa/click?ie=UTF8&spc=MTo3MDY5OTcxMzM0NDIwNTk6MTc3MjYzMTEyNDpzcF9tdGY6MzAwNjUwNTYzNjI3NzMyOjowOjo&url=%2FVITAMIN-Komplex-Tonikum-Salus-250%2Fdp%2FB01HZMD4W6%2Fref%3Dsr_1_11_sspa%3Fdib%3DeyJ2IjoiMSJ9.HYwAdCz8MFgfJJYXLVzw09UOAK4XDaMCp1EyuM--WW8luAJXIiZYLL0LizKXyJCC-L_ZZqH674SD1fjAexQC8j_OB-b9r1yk67uaebLjA_n2CZHOdJxG_cK-RIHrK_L5P7RSk5g2HCbh2DLg-RvXEUsxlZeahiVQZgRBtmc2QCCtMsD38-bZWUSMjXoh7qSn9OSDKuiER_qW0Od5wi3h6AdzN6DQD6cjSZRVSMTDyOJsor3W9xbCnVNPanx0QW0qpjtMCY3ToNwDEm5YztUcVg5zJSYYG0uKzSgQAI0jVrk.K5HW6U7aYZP9_OhHQcCBFIqWckfRvJxJhctG915gg0g%26dib_tag%3Dse%26keywords%3DVitamin%2BKomplex%2BFl%25C3%25BCssig%26qid%3D1772631124%26sr%3D8-11-spons%26aref%3DQJe9rdHOrW%26sp_csd%3Dd2lkZ2V0TmFtZT1zcF9tdGY%26psc%3D1&aref=QJe9rdHOrW&sp_cr=DUB
2026-03-04 15:13,Vitamin Komplex Flüssig,"VITACTIV Family Immun Aktiv - 300ml Mikronährstoffkonzentrat - Multivitamin Konzentrat mit Weintraubenkern & Holunder Extrakt - Plus Mineralstoffe & Spurenelemente - Fruchtgeschmack, max. 60 Portionen",,"19,99 €",4.4,169,B0DHXWXM48,12,https://www.amazon.de/sspa/click?ie=UTF8&spc=MTo3MDY5OTcxMzM0NDIwNTk6MTc3MjYzMTEyNDpzcF9tdGY6MzAwMzk1MDkzMTIwNzMyOjowOjo&url=%2FVITACTIV-Family-Immun-Aktiv-Mikron%25C3%25A4hrstoffkonzentrat%2Fdp%2FB0DHXWXM48%2Fref%3Dsr_1_12_sspa%3Fdib%3DeyJ2IjoiMSJ9.HYwAdCz8MFgfJJYXLVzw09UOAK4XDaMCp1EyuM--WW8luAJXIiZYLL0LizKXyJCC-L_ZZqH674SD1fjAexQC8j_OB-b9r1yk67uaebLjA_n2CZHOdJxG_cK-RIHrK_L5P7RSk5g2HCbh2DLg-RvXEUsxlZeahiVQZgRBtmc2QCCtMsD38-bZWUSMjXoh7qSn9OSDKuiER_qW0Od5wi3h6AdzN6DQD6cjSZRVSMTDyOJsor3W9xbCnVNPanx0QW0qpjtMCY3ToNwDEm5YztUcVg5zJSYYG0uKzSgQAI0jVrk.K5HW6U7aYZP9_OhHQcCBFIqWckfRvJxJhctG915gg0g%26dib_tag%3Dse%26keywords%3DVitamin%2BKomplex%2BFl%25C3%25BCssig%26qid%3D1772631124%26sr%3D8-12-spons%26aref%3DtT4T2FL3Ow%26sp_csd%3Dd2lkZ2V0TmFtZT1zcF9tdGY%26psc%3D1&aref=tT4T2FL3Ow&sp_cr=DUB
2026-03-04 15:13,Vitamin Komplex Flüssig,Vegan All-in-One Tropfen - Vitamin B12+B2+B6+B9 Folsäure + Zink + Eisen + Selen + Natrium + Kalium + Jod - Komplex mit natürlichem Tropical Fruchtgeschmack (20ml = ca. 4 Monats-Vorrat),,"27,99 €",4.4,102,B0DTNM7ZDD,13,https://www.amazon.de/sspa/click?ie=UTF8&spc=MTo3MDY5OTcxMzM0NDIwNTk6MTc3MjYzMTEyNDpzcF9tdGY6MzAwNTM0OTM4NDE0MzMyOjowOjo&url=%2FVegan-All-One-Tropfen-Fruchtgeschmack%2Fdp%2FB0DTNM7ZDD%2Fref%3Dsr_1_13_sspa%3Fdib%3DeyJ2IjoiMSJ9.HYwAdCz8MFgfJJYXLVzw09UOAK4XDaMCp1EyuM--WW8luAJXIiZYLL0LizKXyJCC-L_ZZqH674SD1fjAexQC8j_OB-b9r1yk67uaebLjA_n2CZHOdJxG_cK-RIHrK_L5P7RSk5g2HCbh2DLg-RvXEUsxlZeahiVQZgRBtmc2QCCtMsD38-bZWUSMjXoh7qSn9OSDKuiER_qW0Od5wi3h6AdzN6DQD6cjSZRVSMTDyOJsor3W9xbCnVNPanx0QW0qpjtMCY3ToNwDEm5YztUcVg5zJSYYG0uKzSgQAI0jVrk.K5HW6U7aYZP9_OhHQcCBFIqWckfRvJxJhctG915gg0g%26dib_tag%3Dse%26keywords%3DVitamin%2BKomplex%2BFl%25C3%25BCssig%26qid%3D1772631124%26sr%3D8-13-spons%26aref%3DRAXd8U0diF%26sp_csd%3Dd2lkZ2V0TmFtZT1zcF9tdGY%26psc%3D1&aref=RAXd8U0diF&sp_cr=DUB
2026-03-04 15:13,Vitamin Komplex Flüssig,"VETAIN Vitamin B Komplex - 180 vegane Kapseln - alle 8 B-Vitamine (B1, B2, B3, B5, B6, Biotin, Folat & B12) - hochdosiert mit 500 µg B12 - bioaktive Formen - laborgeprüft & produziert in Deutschland",,"24,99 €",4.7,36,B0F7RZPBNV,14,https://www.amazon.de/sspa/click?ie=UTF8&spc=MTo3MDY5OTcxMzM0NDIwNTk6MTc3MjYzMTEyNDpzcF9tdGY6MzAwOTQ2NjEyMzA1NDMyOjowOjo&url=%2FVETAIN-Vitamin-Komplex-essenzielle-laborgepr%25C3%25BCft%2Fdp%2FB0F7RZPBNV%2Fref%3Dsr_1_14_sspa%3Fdib%3DeyJ2IjoiMSJ9.HYwAdCz8MFgfJJYXLVzw09UOAK4XDaMCp1EyuM--WW8luAJXIiZYLL0LizKXyJCC-L_ZZqH674SD1fjAexQC8j_OB-b9r1yk67uaebLjA_n2CZHOdJxG_cK-RIHrK_L5P7RSk5g2HCbh2DLg-RvXEUsxlZeahiVQZgRBtmc2QCCtMsD38-bZWUSMjXoh7qSn9OSDKuiER_qW0Od5wi3h6AdzN6DQD6cjSZRVSMTDyOJsor3W9xbCnVNPanx0QW0qpjtMCY3ToNwDEm5YztUcVg5zJSYYG0uKzSgQAI0jVrk.K5HW6U7aYZP9_OhHQcCBFIqWckfRvJxJhctG915gg0g%26dib_tag%3Dse%26keywords%3DVitamin%2BKomplex%2BFl%25C3%25BCssig%26qid%3D1772631124%26sr%3D8-14-spons%26aref%3D5x1demaGd1%26sp_csd%3Dd2lkZ2V0TmFtZT1zcF9tdGY%26psc%3D1&aref=5x1demaGd1&sp_cr=DUB
2026-03-04 15:13,Vitamin Komplex Flüssig,"Liposomale Vitamin B Komplex Flüssiges - Hochdosiert Tropfen mit Allen 8 B-Vitaminen, Aktive Vitamin B Formen, Vegan, Keine Zusatzstoffe, 60ml (1er Pack)",,"21,99 €",4.5,629,B0BG2ZJ7C9,15,https://www.amazon.de/Hochdosiert-Zusatzstoffe-Unterst%C3%BCtzung-Nervensystems-Immunsystems/dp/B0BG2ZJ7C9/ref=sr_1_15?dib=eyJ2IjoiMSJ9.HYwAdCz8MFgfJJYXLVzw09UOAK4XDaMCp1EyuM--WW8luAJXIiZYLL0LizKXyJCC-L_ZZqH674SD1fjAexQC8j_OB-b9r1yk67uaebLjA_n2CZHOdJxG_cK-RIHrK_L5P7RSk5g2HCbh2DLg-RvXEUsxlZeahiVQZgRBtmc2QCCtMsD38-bZWUSMjXoh7qSn9OSDKuiER_qW0Od5wi3h6AdzN6DQD6cjSZRVSMTDyOJsor3W9xbCnVNPanx0QW0qpjtMCY3ToNwDEm5YztUcVg5zJSYYG0uKzSgQAI0jVrk.K5HW6U7aYZP9_OhHQcCBFIqWckfRvJxJhctG915gg0g&dib_tag=se&keywords=Vitamin+Komplex+Fl%C3%BCssig&qid=1772631124&sr=8-15
2026-03-04 15:13,Vitamin Komplex Flüssig,Multivitamin Mikronährstoffkonzentrat 60 Portionen - Saftkonzentrat mit Vitaminen aus Fruchtsaft & Pflanzenextrakten 300 ml | vegane Mikronährstoff-Komplex + Pumper & Dosierlöffel | GreatVita,,"24,99 €",4.3,38,B0FNX5R3P5,16,https://www.amazon.de/Multivitamin-Mikron%C3%A4hrstoffkonzentrat-Portionen-Pflanzenextrakten-Mikron%C3%A4hrstoff-Komplex/dp/B0FNX5R3P5/ref=sr_1_16?dib=eyJ2IjoiMSJ9.HYwAdCz8MFgfJJYXLVzw09UOAK4XDaMCp1EyuM--WW8luAJXIiZYLL0LizKXyJCC-L_ZZqH674SD1fjAexQC8j_OB-b9r1yk67uaebLjA_n2CZHOdJxG_cK-RIHrK_L5P7RSk5g2HCbh2DLg-RvXEUsxlZeahiVQZgRBtmc2QCCtMsD38-bZWUSMjXoh7qSn9OSDKuiER_qW0Od5wi3h6AdzN6DQD6cjSZRVSMTDyOJsor3W9xbCnVNPanx0QW0qpjtMCY3ToNwDEm5YztUcVg5zJSYYG0uKzSgQAI0jVrk.K5HW6U7aYZP9_OhHQcCBFIqWckfRvJxJhctG915gg0g&dib_tag=se&keywords=Vitamin+Komplex+Fl%C3%BCssig&qid=1772631124&sr=8-16
2026-03-04 15:13,Vitamin Komplex Flüssig,VITAMIN B KOMPLEX Tonikum Salus 250 ml,,"8,83 €",4.4,319,B01HZMD4W6,17,https://www.amazon.de/VITAMIN-Komplex-Tonikum-Salus-250/dp/B01HZMD4W6/ref=sr_1_17?dib=eyJ2IjoiMSJ9.HYwAdCz8MFgfJJYXLVzw09UOAK4XDaMCp1EyuM--WW8luAJXIiZYLL0LizKXyJCC-L_ZZqH674SD1fjAexQC8j_OB-b9r1yk67uaebLjA_n2CZHOdJxG_cK-RIHrK_L5P7RSk5g2HCbh2DLg-RvXEUsxlZeahiVQZgRBtmc2QCCtMsD38-bZWUSMjXoh7qSn9OSDKuiER_qW0Od5wi3h6AdzN6DQD6cjSZRVSMTDyOJsor3W9xbCnVNPanx0QW0qpjtMCY3ToNwDEm5YztUcVg5zJSYYG0uKzSgQAI0jVrk.K5HW6U7aYZP9_OhHQcCBFIqWckfRvJxJhctG915gg0g&dib_tag=se&keywords=Vitamin+Komplex+Fl%C3%BCssig&qid=1772631124&sr=8-17
2026-03-04 15:13,Vitamin Komplex Flüssig,"Zirkulin Vital Mikronährstoffkonzentrat (200ml) – 20 Tage Reichweite - 66 Vitalstoffe aus Obst, Gemüse & Kräutern - Wertvolle Polyphenole – Vitamine & Mineralstoffe für die Familie",,"14,95 €",4.4,1029,B0DJGP3XQC,18,https://www.amazon.de/Zirkulin-Vital-Mikron%C3%A4hrstoffkonzentrat-200ml-Mineralstoffe/dp/B0DJGP3XQC/ref=sr_1_18?dib=eyJ2IjoiMSJ9.HYwAdCz8MFgfJJYXLVzw09UOAK4XDaMCp1EyuM--WW8luAJXIiZYLL0LizKXyJCC-L_ZZqH674SD1fjAexQC8j_OB-b9r1yk67uaebLjA_n2CZHOdJxG_cK-RIHrK_L5P7RSk5g2HCbh2DLg-RvXEUsxlZeahiVQZgRBtmc2QCCtMsD38-bZWUSMjXoh7qSn9OSDKuiER_qW0Od5wi3h6AdzN6DQD6cjSZRVSMTDyOJsor3W9xbCnVNPanx0QW0qpjtMCY3ToNwDEm5YztUcVg5zJSYYG0uKzSgQAI0jVrk.K5HW6U7aYZP9_OhHQcCBFIqWckfRvJxJhctG915gg0g&dib_tag=se&keywords=Vitamin+Komplex+Fl%C3%BCssig&qid=1772631124&sr=8-18
2026-03-04 15:13,Vitamin Komplex Flüssig,Mikronährstoffkonzentrat 500 ml – 128 Zutaten inkl. fermentiertem Obst und Gemüse – für die tägliche Nährstoffversorgung | Vegan | 1-Monats-Vorrat,,"36,90 €",4.6,93,B0FWBQXNRB,19,https://www.amazon.de/sspa/click?ie=UTF8&spc=MTo3MDY5OTcxMzM0NDIwNTk6MTc3MjYzMTEyNDpzcF9tdGY6MzAwODc4MTI4NTI4NzMyOjowOjo&url=%2FVitabalance%25C2%25AE-Mikron%25C3%25A4hrstoffkonzentrat-fermentiertem-N%25C3%25A4hrstoffversorgung-1-Monats-Vorrat%2Fdp%2FB0FWBQXNRB%2Fref%3Dsr_1_19_sspa%3Fdib%3DeyJ2IjoiMSJ9.HYwAdCz8MFgfJJYXLVzw09UOAK4XDaMCp1EyuM--WW8luAJXIiZYLL0LizKXyJCC-L_ZZqH674SD1fjAexQC8j_OB-b9r1yk67uaebLjA_n2CZHOdJxG_cK-RIHrK_L5P7RSk5g2HCbh2DLg-RvXEUsxlZeahiVQZgRBtmc2QCCtMsD38-bZWUSMjXoh7qSn9OSDKuiER_qW0Od5wi3h6AdzN6DQD6cjSZRVSMTDyOJsor3W9xbCnVNPanx0QW0qpjtMCY3ToNwDEm5YztUcVg5zJSYYG0uKzSgQAI0jVrk.K5HW6U7aYZP9_OhHQcCBFIqWckfRvJxJhctG915gg0g%26dib_tag%3Dse%26keywords%3DVitamin%2BKomplex%2BFl%25C3%25BCssig%26qid%3D1772631124%26sr%3D8-19-spons%26aref%3DQeBnrSsqUl%26sp_csd%3Dd2lkZ2V0TmFtZT1zcF9tdGY%26psc%3D1&aref=QeBnrSsqUl&sp_cr=DUB
2026-03-04 15:13,Vitamin Komplex Flüssig,"Multivitamin-Tropfen – 16 Vitamine & Mineralstoffe - Flüssig – Vegan, ohne Zusatzstoffe, Zuckerfrei – 100% pflanzlich – Hohe Bioverfügbarkeit – Monatsvorrat (30 ml)",,"17,95 €",4.5,134,B0CKLV6TQY,20,https://www.amazon.de/sspa/click?ie=UTF8&spc=MTo3MDY5OTcxMzM0NDIwNTk6MTc3MjYzMTEyNDpzcF9tdGY6MzAwNTc2NDk3NjYzNDMyOjowOjo&url=%2FVitaminFit-Multivitamin-Komplex-Tropfen-Nahrungserg%25C3%25A4nzungsmittel%2Fdp%2FB0CKLV6TQY%2Fref%3Dsr_1_20_sspa%3Fdib%3DeyJ2IjoiMSJ9.HYwAdCz8MFgfJJYXLVzw09UOAK4XDaMCp1EyuM--WW8luAJXIiZYLL0LizKXyJCC-L_ZZqH674SD1fjAexQC8j_OB-b9r1yk67uaebLjA_n2CZHOdJxG_cK-RIHrK_L5P7RSk5g2HCbh2DLg-RvXEUsxlZeahiVQZgRBtmc2QCCtMsD38-bZWUSMjXoh7qSn9OSDKuiER_qW0Od5wi3h6AdzN6DQD6cjSZRVSMTDyOJsor3W9xbCnVNPanx0QW0qpjtMCY3ToNwDEm5YztUcVg5zJSYYG0uKzSgQAI0jVrk.K5HW6U7aYZP9_OhHQcCBFIqWckfRvJxJhctG915gg0g%26dib_tag%3Dse%26keywords%3DVitamin%2BKomplex%2BFl%25C3%25BCssig%26qid%3D1772631124%26rdc%3D1%26sr%3D8-20-spons%26aref%3D5g463sNdMt%26sp_csd%3Dd2lkZ2V0TmFtZT1zcF9tdGY%26psc%3D1&aref=5g463sNdMt&sp_cr=DUB
2026-03-04 15:13,Nahrungsergänzung Flüssig,"Vital Ultra - 480 ml - Mikronährstoffkonzentrat mit Vitaminen, Mineralien, Spurenelementen, Pflanzenstoffen und Omega-3-Fettsäuren - flüssiges Lebensmittel aus über 70 Zutaten mit bis zu 60 Portionen",,"33,30 €",4.3,3262,B0168KNAKW,1,https://www.amazon.de/sspa/click?ie=UTF8&spc=MTozOTI2MzcxNTcwNDYwODQ4OjE3NzI2MzE1NzE6c3BfYXRmOjIwMDMxOTEzMTM2MjAxOjowOjo&url=%2FVital-Ultra-Spurenelementen-Pflanzenstoffen-Omega-3-Fetts%25C3%25A4uren%2Fdp%2FB0168KNAKW%2Fref%3Dsr_1_1_sspa%3Fdib%3DeyJ2IjoiMSJ9.QBLkmIuyQwHki-tTDtRZvj5seED55GFtt31jCDv7pch4GRRLuQfjDvpqtSaj9tMnxER3posIxh96nTlR_L_eEcBc9na63vUZKXQxymMAA7aiLQg68r6NZYEBeI7bSeFU_wcXMEY5_y5w5GSijRCkIJK3MRqbC6n5Lw2fKMPZj72IxHSwFPkUNX5m0OPo1ECM86xyJb_4Lr8EebmVoxgyQqL1z03RmnGY2NGjkHrn7QyT2JtUUixQ1DslHfCtXIUiQaI6uIwnVZUcfONkBKCFQ20DJxDIadihtLQR2rBA1JE.tIFo7RiOw1iV09a-TNYSIVMO6_YQbaMehZQqBi426Fg%26dib_tag%3Dse%26keywords%3DNahrungserg%25C3%25A4nzung%2BFl%25C3%25BCssig%26qid%3D1772631571%26sr%3D8-1-spons%26aref%3DbSPH77Y7CO%26sp_csd%3Dd2lkZ2V0TmFtZT1zcF9hdGY%26psc%3D1&aref=bSPH77Y7CO&sp_cr=DUB
2026-03-04 15:13,Nahrungsergänzung Flüssig,Mikronährstoffkonzentrat 500 ml – 128 Zutaten inkl. fermentiertem Obst und Gemüse – für die tägliche Nährstoffversorgung | Vegan | 1-Monats-Vorrat,,"36,90 €",4.6,93,B0FWBQXNRB,2,https://www.amazon.de/sspa/click?ie=UTF8&spc=MTozOTI2MzcxNTcwNDYwODQ4OjE3NzI2MzE1NzE6c3BfYXRmOjMwMDgwMzE5NzI5NDgzMjo6MDo6&url=%2FVitabalance%25C2%25AE-Mikron%25C3%25A4hrstoffkonzentrat-fermentiertem-N%25C3%25A4hrstoffversorgung-1-Monats-Vorrat%2Fdp%2FB0FWBQXNRB%2Fref%3Dsr_1_2_sspa%3Fdib%3DeyJ2IjoiMSJ9.QBLkmIuyQwHki-tTDtRZvj5seED55GFtt31jCDv7pch4GRRLuQfjDvpqtSaj9tMnxER3posIxh96nTlR_L_eEcBc9na63vUZKXQxymMAA7aiLQg68r6NZYEBeI7bSeFU_wcXMEY5_y5w5GSijRCkIJK3MRqbC6n5Lw2fKMPZj72IxHSwFPkUNX5m0OPo1ECM86xyJb_4Lr8EebmVoxgyQqL1z03RmnGY2NGjkHrn7QyT2JtUUixQ1DslHfCtXIUiQaI6uIwnVZUcfONkBKCFQ20DJxDIadihtLQR2rBA1JE.tIFo7RiOw1iV09a-TNYSIVMO6_YQbaMehZQqBi426Fg%26dib_tag%3Dse%26keywords%3DNahrungserg%25C3%25A4nzung%2BFl%25C3%25BCssig%26qid%3D1772631571%26sr%3D8-2-spons%26aref%3Dzw8OkccIQA%26sp_csd%3Dd2lkZ2V0TmFtZT1zcF9hdGY%26psc%3D1&aref=zw8OkccIQA&sp_cr=DUB
2026-03-04 15:13,Nahrungsergänzung Flüssig,"Multivitamin Pulver + Magnesium, Zink & Selen - Vitamine A-Z hochdosiert - Immunsystem stärken - hochwertige Mikronährstoffe - ohne Zuckerzusatz - vegan - in Deutschland hergestellt - ACE Geschmack",,"39,90 €",4.4,584,B0C1SZVWBV,3,https://www.amazon.de/sspa/click?ie=UTF8&spc=MTozOTI2MzcxNTcwNDYwODQ4OjE3NzI2MzE1NzE6c3BfYXRmOjMwMDAyNDI3MDkwNDczMjo6MDo6&url=%2FVitapow-Multivitamin-Pulver-Mineralien-Mikron%25C3%25A4hrstoffe%2Fdp%2FB0C1SZVWBV%2Fref%3Dsr_1_3_sspa%3Fdib%3DeyJ2IjoiMSJ9.QBLkmIuyQwHki-tTDtRZvj5seED55GFtt31jCDv7pch4GRRLuQfjDvpqtSaj9tMnxER3posIxh96nTlR_L_eEcBc9na63vUZKXQxymMAA7aiLQg68r6NZYEBeI7bSeFU_wcXMEY5_y5w5GSijRCkIJK3MRqbC6n5Lw2fKMPZj72IxHSwFPkUNX5m0OPo1ECM86xyJb_4Lr8EebmVoxgyQqL1z03RmnGY2NGjkHrn7QyT2JtUUixQ1DslHfCtXIUiQaI6uIwnVZUcfONkBKCFQ20DJxDIadihtLQR2rBA1JE.tIFo7RiOw1iV09a-TNYSIVMO6_YQbaMehZQqBi426Fg%26dib_tag%3Dse%26keywords%3DNahrungserg%25C3%25A4nzung%2BFl%25C3%25BCssig%26qid%3D1772631571%26sr%3D8-3-spons%26aref%3DJWBEq7s6J5%26sp_csd%3Dd2lkZ2V0TmFtZT1zcF9hdGY%26psc%3D1&aref=JWBEq7s6J5&sp_cr=DUB
2026-03-04 15:13,Nahrungsergänzung Flüssig,"Life Essence Mikronährstoffkonzentrat mit 80+ Zutaten – Hochdosiert mit Vitaminen, Mineralstoffen, Antioxidantien & Pflanzenextrakten – Unterstützt Immunsystem, Stoffwechsel & Energie – 35 Tagesration",,"29,90 €",4.1,7,B0G1N54STQ,4,https://www.amazon.de/sspa/click?ie=UTF8&spc=MTozOTI2MzcxNTcwNDYwODQ4OjE3NzI2MzE1NzE6c3BfYXRmOjMwMDkzODQ4MjE3NTgzMjo6MDo6&url=%2FLife-Essence-Mikron%25C3%25A4hrstoffkonzentrat-Zutaten-Pflanzenextrakten%2Fdp%2FB0G1N54STQ%2Fref%3Dsr_1_4_sspa%3Fdib%3DeyJ2IjoiMSJ9.QBLkmIuyQwHki-tTDtRZvj5seED55GFtt31jCDv7pch4GRRLuQfjDvpqtSaj9tMnxER3posIxh96nTlR_L_eEcBc9na63vUZKXQxymMAA7aiLQg68r6NZYEBeI7bSeFU_wcXMEY5_y5w5GSijRCkIJK3MRqbC6n5Lw2fKMPZj72IxHSwFPkUNX5m0OPo1ECM86xyJb_4Lr8EebmVoxgyQqL1z03RmnGY2NGjkHrn7QyT2JtUUixQ1DslHfCtXIUiQaI6uIwnVZUcfONkBKCFQ20DJxDIadihtLQR2rBA1JE.tIFo7RiOw1iV09a-TNYSIVMO6_YQbaMehZQqBi426Fg%26dib_tag%3Dse%26keywords%3DNahrungserg%25C3%25A4nzung%2BFl%25C3%25BCssig%26qid%3D1772631571%26sr%3D8-4-spons%26aref%3DkfAYZrPMPS%26sp_csd%3Dd2lkZ2V0TmFtZT1zcF9hdGY%26psc%3D1&aref=kfAYZrPMPS&sp_cr=DUB
2026-03-04 15:13,Nahrungsergänzung Flüssig,"Alpha Peptide Collagen Trinkampullen (50 Stück) – 10.000mg Kollagenhydrolysat SOLUGEL(R), Vitamin C Selen Hagebutte, Premium, mit bioaktiven Peptiden für Knochen Gelenke Haut",,"42,73 €",4.5,1280,B07FSK7R9K,5,https://www.amazon.de/PharmaVital-Alpha-Peptide-Collagen-Trinkampullen/dp/B07FSK7R9K/ref=sr_1_5?dib=eyJ2IjoiMSJ9.QBLkmIuyQwHki-tTDtRZvj5seED55GFtt31jCDv7pch4GRRLuQfjDvpqtSaj9tMnxER3posIxh96nTlR_L_eEcBc9na63vUZKXQxymMAA7aiLQg68r6NZYEBeI7bSeFU_wcXMEY5_y5w5GSijRCkIJK3MRqbC6n5Lw2fKMPZj72IxHSwFPkUNX5m0OPo1ECM86xyJb_4Lr8EebmVoxgyQqL1z03RmnGY2NGjkHrn7QyT2JtUUixQ1DslHfCtXIUiQaI6uIwnVZUcfONkBKCFQ20DJxDIadihtLQR2rBA1JE.tIFo7RiOw1iV09a-TNYSIVMO6_YQbaMehZQqBi426Fg&dib_tag=se&keywords=Nahrungserg%C3%A4nzung+Fl%C3%BCssig&qid=1772631571&sr=8-5
2026-03-04 15:13,Nahrungsergänzung Flüssig,"Vital Ultra - 480 ml - Mikronährstoffkonzentrat mit Vitaminen, Mineralien, Spurenelementen, Pflanzenstoffen und Omega-3-Fettsäuren - flüssiges Lebensmittel aus über 70 Zutaten mit bis zu 60 Portionen",,"33,30 €",4.3,3262,B0168KNAKW,6,https://www.amazon.de/Vital-Ultra-Spurenelementen-Pflanzenstoffen-Omega-3-Fetts%C3%A4uren/dp/B0168KNAKW/ref=sr_1_6?dib=eyJ2IjoiMSJ9.QBLkmIuyQwHki-tTDtRZvj5seED55GFtt31jCDv7pch4GRRLuQfjDvpqtSaj9tMnxER3posIxh96nTlR_L_eEcBc9na63vUZKXQxymMAA7aiLQg68r6NZYEBeI7bSeFU_wcXMEY5_y5w5GSijRCkIJK3MRqbC6n5Lw2fKMPZj72IxHSwFPkUNX5m0OPo1ECM86xyJb_4Lr8EebmVoxgyQqL1z03RmnGY2NGjkHrn7QyT2JtUUixQ1DslHfCtXIUiQaI6uIwnVZUcfONkBKCFQ20DJxDIadihtLQR2rBA1JE.tIFo7RiOw1iV09a-TNYSIVMO6_YQbaMehZQqBi426Fg&dib_tag=se&keywords=Nahrungserg%C3%A4nzung+Fl%C3%BCssig&qid=1772631571&sr=8-6
2026-03-04 15:13,Nahrungsergänzung Flüssig,"Zirkulin Vital Mikronährstoffkonzentrat (200ml) – 20 Tage Reichweite - 66 Vitalstoffe aus Obst, Gemüse & Kräutern - Wertvolle Polyphenole – Vitamine & Mineralstoffe für die Familie",,"14,95 €",4.4,1029,B0DJGP3XQC,7,https://www.amazon.de/Zirkulin-Vital-Mikron%C3%A4hrstoffkonzentrat-200ml-Mineralstoffe/dp/B0DJGP3XQC/ref=sr_1_7?dib=eyJ2IjoiMSJ9.QBLkmIuyQwHki-tTDtRZvj5seED55GFtt31jCDv7pch4GRRLuQfjDvpqtSaj9tMnxER3posIxh96nTlR_L_eEcBc9na63vUZKXQxymMAA7aiLQg68r6NZYEBeI7bSeFU_wcXMEY5_y5w5GSijRCkIJK3MRqbC6n5Lw2fKMPZj72IxHSwFPkUNX5m0OPo1ECM86xyJb_4Lr8EebmVoxgyQqL1z03RmnGY2NGjkHrn7QyT2JtUUixQ1DslHfCtXIUiQaI6uIwnVZUcfONkBKCFQ20DJxDIadihtLQR2rBA1JE.tIFo7RiOw1iV09a-TNYSIVMO6_YQbaMehZQqBi426Fg&dib_tag=se&keywords=Nahrungserg%C3%A4nzung+Fl%C3%BCssig&qid=1772631571&sr=8-7
2026-03-04 15:13,Nahrungsergänzung Flüssig,Maxler L-Carnitine 3000 - Erdbeere-Kiwi - 14x25ml - Hochdosiertes L Carnitin Liquid - Vegane Nahrungsergänzuing - 3000mg Wirksotff pro Portion - 14 Portionen,,"14,89 €",4.5,1701,B092MJZRR5,8,https://www.amazon.de/Maxler-Veganes-L-Carnitine-3000-Liquid/dp/B092MJZRR5/ref=sr_1_8?dib=eyJ2IjoiMSJ9.QBLkmIuyQwHki-tTDtRZvj5seED55GFtt31jCDv7pch4GRRLuQfjDvpqtSaj9tMnxER3posIxh96nTlR_L_eEcBc9na63vUZKXQxymMAA7aiLQg68r6NZYEBeI7bSeFU_wcXMEY5_y5w5GSijRCkIJK3MRqbC6n5Lw2fKMPZj72IxHSwFPkUNX5m0OPo1ECM86xyJb_4Lr8EebmVoxgyQqL1z03RmnGY2NGjkHrn7QyT2JtUUixQ1DslHfCtXIUiQaI6uIwnVZUcfONkBKCFQ20DJxDIadihtLQR2rBA1JE.tIFo7RiOw1iV09a-TNYSIVMO6_YQbaMehZQqBi426Fg&dib_tag=se&keywords=Nahrungserg%C3%A4nzung+Fl%C3%BCssig&qid=1772631571&sr=8-8
2026-03-04 15:13,Nahrungsergänzung Flüssig,Mikronährstoffkonzentrat 500 ml – 128 Zutaten inkl. fermentiertem Obst und Gemüse – für die tägliche Nährstoffversorgung | Vegan | 1-Monats-Vorrat,,"36,90 €",4.6,93,B0FWBQXNRB,9,https://www.amazon.de/Vitabalance%C2%AE-Mikron%C3%A4hrstoffkonzentrat-fermentiertem-N%C3%A4hrstoffversorgung-1-Monats-Vorrat/dp/B0FWBQXNRB/ref=sr_1_9?dib=eyJ2IjoiMSJ9.QBLkmIuyQwHki-tTDtRZvj5seED55GFtt31jCDv7pch4GRRLuQfjDvpqtSaj9tMnxER3posIxh96nTlR_L_eEcBc9na63vUZKXQxymMAA7aiLQg68r6NZYEBeI7bSeFU_wcXMEY5_y5w5GSijRCkIJK3MRqbC6n5Lw2fKMPZj72IxHSwFPkUNX5m0OPo1ECM86xyJb_4Lr8EebmVoxgyQqL1z03RmnGY2NGjkHrn7QyT2JtUUixQ1DslHfCtXIUiQaI6uIwnVZUcfONkBKCFQ20DJxDIadihtLQR2rBA1JE.tIFo7RiOw1iV09a-TNYSIVMO6_YQbaMehZQqBi426Fg&dib_tag=se&keywords=Nahrungserg%C3%A4nzung+Fl%C3%BCssig&qid=1772631571&sr=8-9
2026-03-04 15:13,Nahrungsergänzung Flüssig,"Dr. Wolz Vitalkomplex 500ml - Mikronährstoff-Komplex mit 95 Zutaten - Vitamine, Mineralstoffe, Spurenelemente & Sekundäre Pflanzenstoffe – Vita Saft Konzentrat für Immunsystem- vegan",,"34,84 €",4.5,646,B00VU54RGC,10,https://www.amazon.de/Dr-Wolz-Vitalkomplex-500ml-Mikron%C3%A4hrstoff-Komplex/dp/B00VU54RGC/ref=sr_1_10?dib=eyJ2IjoiMSJ9.QBLkmIuyQwHki-tTDtRZvj5seED55GFtt31jCDv7pch4GRRLuQfjDvpqtSaj9tMnxER3posIxh96nTlR_L_eEcBc9na63vUZKXQxymMAA7aiLQg68r6NZYEBeI7bSeFU_wcXMEY5_y5w5GSijRCkIJK3MRqbC6n5Lw2fKMPZj72IxHSwFPkUNX5m0OPo1ECM86xyJb_4Lr8EebmVoxgyQqL1z03RmnGY2NGjkHrn7QyT2JtUUixQ1DslHfCtXIUiQaI6uIwnVZUcfONkBKCFQ20DJxDIadihtLQR2rBA1JE.tIFo7RiOw1iV09a-TNYSIVMO6_YQbaMehZQqBi426Fg&dib_tag=se&keywords=Nahrungserg%C3%A4nzung+Fl%C3%BCssig&qid=1772631571&sr=8-10
2026-03-04 15:13,Nahrungsergänzung Flüssig,"Zirkulin Vital Mikronährstoffkonzentrat (200ml) – 20 Tage Reichweite - 66 Vitalstoffe aus Obst, Gemüse & Kräutern - Wertvolle Polyphenole – Vitamine & Mineralstoffe für die Familie",,"14,95 €",4.4,1029,B0DJGP3XQC,11,https://www.amazon.de/sspa/click?ie=UTF8&spc=MTozOTI2MzcxNTcwNDYwODQ4OjE3NzI2MzE1NzE6c3BfbXRmOjMwMDM1OTIwOTM1OTEzMjo6MDo6&url=%2FZirkulin-Vital-Mikron%25C3%25A4hrstoffkonzentrat-200ml-Mineralstoffe%2Fdp%2FB0DJGP3XQC%2Fref%3Dsr_1_11_sspa%3Fdib%3DeyJ2IjoiMSJ9.QBLkmIuyQwHki-tTDtRZvj5seED55GFtt31jCDv7pch4GRRLuQfjDvpqtSaj9tMnxER3posIxh96nTlR_L_eEcBc9na63vUZKXQxymMAA7aiLQg68r6NZYEBeI7bSeFU_wcXMEY5_y5w5GSijRCkIJK3MRqbC6n5Lw2fKMPZj72IxHSwFPkUNX5m0OPo1ECM86xyJb_4Lr8EebmVoxgyQqL1z03RmnGY2NGjkHrn7QyT2JtUUixQ1DslHfCtXIUiQaI6uIwnVZUcfONkBKCFQ20DJxDIadihtLQR2rBA1JE.tIFo7RiOw1iV09a-TNYSIVMO6_YQbaMehZQqBi426Fg%26dib_tag%3Dse%26keywords%3DNahrungserg%25C3%25A4nzung%2BFl%25C3%25BCssig%26qid%3D1772631571%26sr%3D8-11-spons%26aref%3D9GYlG68vyI%26sp_csd%3Dd2lkZ2V0TmFtZT1zcF9tdGY%26psc%3D1&aref=9GYlG68vyI&sp_cr=DUB
2026-03-04 15:13,Nahrungsergänzung Flüssig,"proSan Immun 30 Trinkampullen | der tägliche Boost für dein Immunsystem | vegetarisch & hochdosiert | Immunsystem unterstützen mit Vitamin C + viele weitere Vitamine, Mineralstoffe und OPC.",,"48,95 €",4.5,91,B09HGV925B,12,https://www.amazon.de/sspa/click?ie=UTF8&spc=MTozOTI2MzcxNTcwNDYwODQ4OjE3NzI2MzE1NzE6c3BfbXRmOjMwMDgyODMzMjY5NjgzMjo6MDo6&url=%2FproSan-Immun-Trinkampullen-Immunsystem-Mineralstoffe%2Fdp%2FB09HGV925B%2Fref%3Dsr_1_12_sspa%3Fdib%3DeyJ2IjoiMSJ9.QBLkmIuyQwHki-tTDtRZvj5seED55GFtt31jCDv7pch4GRRLuQfjDvpqtSaj9tMnxER3posIxh96nTlR_L_eEcBc9na63vUZKXQxymMAA7aiLQg68r6NZYEBeI7bSeFU_wcXMEY5_y5w5GSijRCkIJK3MRqbC6n5Lw2fKMPZj72IxHSwFPkUNX5m0OPo1ECM86xyJb_4Lr8EebmVoxgyQqL1z03RmnGY2NGjkHrn7QyT2JtUUixQ1DslHfCtXIUiQaI6uIwnVZUcfONkBKCFQ20DJxDIadihtLQR2rBA1JE.tIFo7RiOw1iV09a-TNYSIVMO6_YQbaMehZQqBi426Fg%26dib_tag%3Dse%26keywords%3DNahrungserg%25C3%25A4nzung%2BFl%25C3%25BCssig%26qid%3D1772631571%26sr%3D8-12-spons%26aref%3D1UnQHqGazN%26sp_csd%3Dd2lkZ2V0TmFtZT1zcF9tdGY%26psc%3D1&aref=1UnQHqGazN&sp_cr=DUB
2026-03-04 15:13,Nahrungsergänzung Flüssig,"ESN Vitamin Stack, Multivitamin Kapseln, 120 Stück - 4 Monate Vorrat, hochdosiert, 13 wertvolle Vitamine in einer Kapsel, nur 1 Kapsel täglich, made in Germany",,"19,90 €",4.6,5913,B01MYEY0LH,13,https://www.amazon.de/sspa/click?ie=UTF8&spc=MTozOTI2MzcxNTcwNDYwODQ4OjE3NzI2MzE1NzE6c3BfbXRmOjMwMDM5NDU3OTkyOTUzMjo6MDo6&url=%2FESN-Vitamin-Stack-120-Kaps%2Fdp%2FB01MYEY0LH%2Fref%3Dsr_1_13_sspa%3Fdib%3DeyJ2IjoiMSJ9.QBLkmIuyQwHki-tTDtRZvj5seED55GFtt31jCDv7pch4GRRLuQfjDvpqtSaj9tMnxER3posIxh96nTlR_L_eEcBc9na63vUZKXQxymMAA7aiLQg68r6NZYEBeI7bSeFU_wcXMEY5_y5w5GSijRCkIJK3MRqbC6n5Lw2fKMPZj72IxHSwFPkUNX5m0OPo1ECM86xyJb_4Lr8EebmVoxgyQqL1z03RmnGY2NGjkHrn7QyT2JtUUixQ1DslHfCtXIUiQaI6uIwnVZUcfONkBKCFQ20DJxDIadihtLQR2rBA1JE.tIFo7RiOw1iV09a-TNYSIVMO6_YQbaMehZQqBi426Fg%26dib_tag%3Dse%26keywords%3DNahrungserg%25C3%25A4nzung%2BFl%25C3%25BCssig%26qid%3D1772631571%26rdc%3D1%26sr%3D8-13-spons%26aref%3DtHjr7MFWyA%26sp_csd%3Dd2lkZ2V0TmFtZT1zcF9tdGY%26psc%3D1&aref=tHjr7MFWyA&sp_cr=DUB
2026-03-04 15:13,Nahrungsergänzung Flüssig,NATURTREU® Vitamin D3 K2 Tropfen hochdosiert & vegan - 20.000 I.E Vitamin D3 + K2 MK7 200 mcg pro Dosis (Depot),,"29,99 €",4.8,1708,B09HCST7TL,14,https://www.amazon.de/sspa/click?ie=UTF8&spc=MTozOTI2MzcxNTcwNDYwODQ4OjE3NzI2MzE1NzE6c3BfbXRmOjIwMDMyOTI0ODUxMzk4OjowOjo&url=%2FNATURTREU%25C2%25AE%25EF%25B8%258F-Vitamin-Tropfen-hochdosiert-vegan%2Fdp%2FB09HCST7TL%2Fref%3Dsr_1_14_sspa%3Fdib%3DeyJ2IjoiMSJ9.QBLkmIuyQwHki-tTDtRZvj5seED55GFtt31jCDv7pch4GRRLuQfjDvpqtSaj9tMnxER3posIxh96nTlR_L_eEcBc9na63vUZKXQxymMAA7aiLQg68r6NZYEBeI7bSeFU_wcXMEY5_y5w5GSijRCkIJK3MRqbC6n5Lw2fKMPZj72IxHSwFPkUNX5m0OPo1ECM86xyJb_4Lr8EebmVoxgyQqL1z03RmnGY2NGjkHrn7QyT2JtUUixQ1DslHfCtXIUiQaI6uIwnVZUcfONkBKCFQ20DJxDIadihtLQR2rBA1JE.tIFo7RiOw1iV09a-TNYSIVMO6_YQbaMehZQqBi426Fg%26dib_tag%3Dse%26keywords%3DNahrungserg%25C3%25A4nzung%2BFl%25C3%25BCssig%26qid%3D1772631571%26rdc%3D1%26sr%3D8-14-spons%26aref%3DjvORyRzh20%26sp_csd%3Dd2lkZ2V0TmFtZT1zcF9tdGY%26psc%3D1&aref=jvORyRzh20&sp_cr=DUB
2026-03-04 15:13,Nahrungsergänzung Flüssig,"Creatin 5000 Mega Caps, 5000 mg Creatin Monohydrat pro Tagesdosis, 300 vegane Kapseln, 100% rein mit Mesh Faktor 200- Vegan & laborgeprüft",,"23,95 €",4.4,2152,B0B12VSZKK,15,https://www.amazon.de/Creatin-workout-booster-Monohydrat-Tagesdosis/dp/B0B12VSZKK/ref=sr_1_15?dib=eyJ2IjoiMSJ9.QBLkmIuyQwHki-tTDtRZvj5seED55GFtt31jCDv7pch4GRRLuQfjDvpqtSaj9tMnxER3posIxh96nTlR_L_eEcBc9na63vUZKXQxymMAA7aiLQg68r6NZYEBeI7bSeFU_wcXMEY5_y5w5GSijRCkIJK3MRqbC6n5Lw2fKMPZj72IxHSwFPkUNX5m0OPo1ECM86xyJb_4Lr8EebmVoxgyQqL1z03RmnGY2NGjkHrn7QyT2JtUUixQ1DslHfCtXIUiQaI6uIwnVZUcfONkBKCFQ20DJxDIadihtLQR2rBA1JE.tIFo7RiOw1iV09a-TNYSIVMO6_YQbaMehZQqBi426Fg&dib_tag=se&keywords=Nahrungserg%C3%A4nzung+Fl%C3%BCssig&qid=1772631571&sr=8-15
2026-03-04 15:13,Nahrungsergänzung Flüssig,"natural elements Vitamin B12 Tropfen – 50ml – 500µg B12 pro Tropfen – Jahresvorrat – 2 Aktivformen (Methyl- & Adenosylcobalamin) – vegan, ohne Alkohol – in Deutschland sorgfältig laborgeprüft",,"20,99 €",4.6,6654,B07JVP37J5,16,https://www.amazon.de/Vitamin-Tropfen-1000%C2%B5g-Einf%C3%BChrungspreis-Adenosylcobalamin/dp/B07JVP37J5/ref=sr_1_16?dib=eyJ2IjoiMSJ9.QBLkmIuyQwHki-tTDtRZvj5seED55GFtt31jCDv7pch4GRRLuQfjDvpqtSaj9tMnxER3posIxh96nTlR_L_eEcBc9na63vUZKXQxymMAA7aiLQg68r6NZYEBeI7bSeFU_wcXMEY5_y5w5GSijRCkIJK3MRqbC6n5Lw2fKMPZj72IxHSwFPkUNX5m0OPo1ECM86xyJb_4Lr8EebmVoxgyQqL1z03RmnGY2NGjkHrn7QyT2JtUUixQ1DslHfCtXIUiQaI6uIwnVZUcfONkBKCFQ20DJxDIadihtLQR2rBA1JE.tIFo7RiOw1iV09a-TNYSIVMO6_YQbaMehZQqBi426Fg&dib_tag=se&keywords=Nahrungserg%C3%A4nzung+Fl%C3%BCssig&qid=1772631571&sr=8-16
2026-03-04 15:13,Nahrungsergänzung Flüssig,"ALL STARS Amino Liquid 18 x 25ml Black Currant - Flüssiger Aminosäuren Komplex hochdosiert 12.000mg mit 12g Protein pro Portion, Nahrungsergänzungsmittel für Sportler",,"31,99 €",4.4,102,B07MYCY6CF,17,https://www.amazon.de/STARS-Amino-Liquid-Currant-Nahrungserg%C3%A4nzungsmittel/dp/B07MYCY6CF/ref=sr_1_17?dib=eyJ2IjoiMSJ9.QBLkmIuyQwHki-tTDtRZvj5seED55GFtt31jCDv7pch4GRRLuQfjDvpqtSaj9tMnxER3posIxh96nTlR_L_eEcBc9na63vUZKXQxymMAA7aiLQg68r6NZYEBeI7bSeFU_wcXMEY5_y5w5GSijRCkIJK3MRqbC6n5Lw2fKMPZj72IxHSwFPkUNX5m0OPo1ECM86xyJb_4Lr8EebmVoxgyQqL1z03RmnGY2NGjkHrn7QyT2JtUUixQ1DslHfCtXIUiQaI6uIwnVZUcfONkBKCFQ20DJxDIadihtLQR2rBA1JE.tIFo7RiOw1iV09a-TNYSIVMO6_YQbaMehZQqBi426Fg&dib_tag=se&keywords=Nahrungserg%C3%A4nzung+Fl%C3%BCssig&qid=1772631571&sr=8-17
2026-03-04 15:13,Nahrungsergänzung Flüssig,"Möller's Omega 3 Lebertran Öl | Nordic Nahrungsergänzung mit EPA, DHA, Vitamin A, D, E | Superior Taste Award | Hochreiner natürlicher Lebertran | 165 Jahre alte Marke | Zitrone | 250 ML",,"15,30 €",4.7,5086,B084P77F7B,18,https://www.amazon.de/Lebertran-Nahrungserg%C3%A4nzung-Superior-Hochreiner-nat%C3%BCrlicher/dp/B084P77F7B/ref=sr_1_18?dib=eyJ2IjoiMSJ9.QBLkmIuyQwHki-tTDtRZvj5seED55GFtt31jCDv7pch4GRRLuQfjDvpqtSaj9tMnxER3posIxh96nTlR_L_eEcBc9na63vUZKXQxymMAA7aiLQg68r6NZYEBeI7bSeFU_wcXMEY5_y5w5GSijRCkIJK3MRqbC6n5Lw2fKMPZj72IxHSwFPkUNX5m0OPo1ECM86xyJb_4Lr8EebmVoxgyQqL1z03RmnGY2NGjkHrn7QyT2JtUUixQ1DslHfCtXIUiQaI6uIwnVZUcfONkBKCFQ20DJxDIadihtLQR2rBA1JE.tIFo7RiOw1iV09a-TNYSIVMO6_YQbaMehZQqBi426Fg&dib_tag=se&keywords=Nahrungserg%C3%A4nzung+Fl%C3%BCssig&qid=1772631571&rdc=1&sr=8-18
2026-03-04 15:13,Nahrungsergänzung Flüssig,"Vitasprint B12 – Vitasprint B12 Trinkfläschchen, 30 St. – Hochdosiertes Vitamin B12 mit wertvollen Eiweißbausteinen für mehr geistige und körperliche Energie. Bei Müdigkeit und Abgeschlagenheit",,"37,85 €",4.6,3315,B089HNLKLZ,19,https://www.amazon.de/sspa/click?ie=UTF8&spc=MTozOTI2MzcxNTcwNDYwODQ4OjE3NzI2MzE1NzE6c3BfbXRmOjMwMDExNTU5ODkzMTQzMjo6MDo6&url=%2FVitasprint-B12-Trinkfl%25C3%25A4schchen-30-Stk%2Fdp%2FB089HNLKLZ%2Fref%3Dsr_1_19_sspa%3Fdib%3DeyJ2IjoiMSJ9.QBLkmIuyQwHki-tTDtRZvj5seED55GFtt31jCDv7pch4GRRLuQfjDvpqtSaj9tMnxER3posIxh96nTlR_L_eEcBc9na63vUZKXQxymMAA7aiLQg68r6NZYEBeI7bSeFU_wcXMEY5_y5w5GSijRCkIJK3MRqbC6n5Lw2fKMPZj72IxHSwFPkUNX5m0OPo1ECM86xyJb_4Lr8EebmVoxgyQqL1z03RmnGY2NGjkHrn7QyT2JtUUixQ1DslHfCtXIUiQaI6uIwnVZUcfONkBKCFQ20DJxDIadihtLQR2rBA1JE.tIFo7RiOw1iV09a-TNYSIVMO6_YQbaMehZQqBi426Fg%26dib_tag%3Dse%26keywords%3DNahrungserg%25C3%25A4nzung%2BFl%25C3%25BCssig%26qid%3D1772631571%26rdc%3D1%26sr%3D8-19-spons%26aref%3DwNVowoUYXw%26sp_csd%3Dd2lkZ2V0TmFtZT1zcF9tdGY%26psc%3D1&aref=wNVowoUYXw&sp_cr=DUB
2026-03-04 15:13,Nahrungsergänzung Flüssig,"Multivitamin-Tropfen – 16 Vitamine & Mineralstoffe - Flüssig – Vegan, ohne Zusatzstoffe, Zuckerfrei – 100% pflanzlich – Hohe Bioverfügbarkeit – Monatsvorrat (30 ml)",,"17,95 €",4.5,134,B0CKLV6TQY,20,https://www.amazon.de/sspa/click?ie=UTF8&spc=MTozOTI2MzcxNTcwNDYwODQ4OjE3NzI2MzE1NzE6c3BfbXRmOjMwMDU3NjQ5NzY2MzQzMjo6MDo6&url=%2FVitaminFit-Multivitamin-Komplex-Tropfen-Nahrungserg%25C3%25A4nzungsmittel%2Fdp%2FB0CKLV6TQY%2Fref%3Dsr_1_20_sspa%3Fdib%3DeyJ2IjoiMSJ9.QBLkmIuyQwHki-tTDtRZvj5seED55GFtt31jCDv7pch4GRRLuQfjDvpqtSaj9tMnxER3posIxh96nTlR_L_eEcBc9na63vUZKXQxymMAA7aiLQg68r6NZYEBeI7bSeFU_wcXMEY5_y5w5GSijRCkIJK3MRqbC6n5Lw2fKMPZj72IxHSwFPkUNX5m0OPo1ECM86xyJb_4Lr8EebmVoxgyQqL1z03RmnGY2NGjkHrn7QyT2JtUUixQ1DslHfCtXIUiQaI6uIwnVZUcfONkBKCFQ20DJxDIadihtLQR2rBA1JE.tIFo7RiOw1iV09a-TNYSIVMO6_YQbaMehZQqBi426Fg%26dib_tag%3Dse%26keywords%3DNahrungserg%25C3%25A4nzung%2BFl%25C3%25BCssig%26qid%3D1772631571%26rdc%3D1%26sr%3D8-20-spons%26aref%3D5g463sNdMt%26sp_csd%3Dd2lkZ2V0TmFtZT1zcF9tdGY%26psc%3D1&aref=5g463sNdMt&sp_cr=DUB
2026-03-04 15:13,Immunsystem Vitamine,"Vital Ultra - 480 ml - Mikronährstoffkonzentrat mit Vitaminen, Mineralien, Spurenelementen, Pflanzenstoffen und Omega-3-Fettsäuren - flüssiges Lebensmittel aus über 70 Zutaten mit bis zu 60 Portionen",,"33,30 €",4.3,3262,B0168KNAKW,1,https://www.amazon.de/sspa/click?ie=UTF8&spc=MTo0ODQ2MjgzMzc1Mzg4NDM1OjE3NzI2MzE1NzM6c3BfYXRmOjIwMDMxOTE0NDM2MjAxOjowOjo&url=%2FVital-Ultra-Spurenelementen-Pflanzenstoffen-Omega-3-Fetts%25C3%25A4uren%2Fdp%2FB0168KNAKW%2Fref%3Dsr_1_1_sspa%3Fdib%3DeyJ2IjoiMSJ9.5Qoohnv6EQ2Z6j9rJtLpU6Wr3J_AIhyKxcOvEWbCeeMbZS-AXsuaBOaWXWsAPKSGxQAq-MagMaPc_60JMzKqTOyMHlvwBbDSRKj_blyggnCHeXJL5p3GvYTAbxQ8HDamWkvQsDLckmps1J-ploVlxVBr2kub7ozB_RdIWWMFZxzE_9j_RW36mKKyZOIfyAvoSRNpdKok06OlKjx___eZ9SzMSXY-ZUToWtoqs6EF3pMDGXQQytZlCVvB4jsTm0cftQgS5aRu7ljQyMoI7yP_AiTSVgqmjQe-nmtcvdLs9q4._r9dDKONtc54j3vrPYZUByVPcUb00nYcatkgFaOVej0%26dib_tag%3Dse%26keywords%3DImmunsystem%2BVitamine%26qid%3D1772631573%26sr%3D8-1-spons%26aref%3DyG23WIriWA%26sp_csd%3Dd2lkZ2V0TmFtZT1zcF9hdGY%26psc%3D1&aref=yG23WIriWA&sp_cr=DUB
2026-03-04 15:13,Immunsystem Vitamine,Immunsystem-Komplex - 500mg Echinacea mit Vitamin C Zink Selen L-Histidin & Kalmegh - Immunsystem stärken * vegan & ohne Zusätze - 120 Echinacea Purpurea Kapseln für 60 Tage,,"19,99 €",4.5,1368,B086QPR8K7,2,https://www.amazon.de/sspa/click?ie=UTF8&spc=MTo0ODQ2MjgzMzc1Mzg4NDM1OjE3NzI2MzE1NzM6c3BfYXRmOjIwMTAyMDM4ODk2NTk4OjowOjo&url=%2FImmunsystem-Komplex-Echinacea-L-Histidin-Immunsystem-Purpurea%2Fdp%2FB086QPR8K7%2Fref%3Dsr_1_2_sspa%3Fdib%3DeyJ2IjoiMSJ9.5Qoohnv6EQ2Z6j9rJtLpU6Wr3J_AIhyKxcOvEWbCeeMbZS-AXsuaBOaWXWsAPKSGxQAq-MagMaPc_60JMzKqTOyMHlvwBbDSRKj_blyggnCHeXJL5p3GvYTAbxQ8HDamWkvQsDLckmps1J-ploVlxVBr2kub7ozB_RdIWWMFZxzE_9j_RW36mKKyZOIfyAvoSRNpdKok06OlKjx___eZ9SzMSXY-ZUToWtoqs6EF3pMDGXQQytZlCVvB4jsTm0cftQgS5aRu7ljQyMoI7yP_AiTSVgqmjQe-nmtcvdLs9q4._r9dDKONtc54j3vrPYZUByVPcUb00nYcatkgFaOVej0%26dib_tag%3Dse%26keywords%3DImmunsystem%2BVitamine%26qid%3D1772631573%26rdc%3D1%26sr%3D8-2-spons%26aref%3D7kWjO8vv6r%26sp_csd%3Dd2lkZ2V0TmFtZT1zcF9hdGY%26psc%3D1&aref=7kWjO8vv6r&sp_cr=DUB
2026-03-04 15:13,Immunsystem Vitamine,Immun Komplex Gummies zum Immunsystem stärken I 4in1 Immunformel für Erwachsene mit Vitamin C Zink Vitamin D3 und Selen I Holunderbeeren Geschmack I vegan ohne künstliche Süße & Farbstoffe I 60 Stück,,"19,90 €",4.5,76,B0DB8P3DC5,3,https://www.amazon.de/sspa/click?ie=UTF8&spc=MTo0ODQ2MjgzMzc1Mzg4NDM1OjE3NzI2MzE1NzM6c3BfYXRmOjMwMDM2OTcyNjAyMjczMjo6MDo6&url=%2FVitamin-Gummib%25C3%25A4rchen-Immunsystem-Multivitamin-Holunderbeeren%2Fdp%2FB0DB8P3DC5%2Fref%3Dsr_1_3_sspa%3Fdib%3DeyJ2IjoiMSJ9.5Qoohnv6EQ2Z6j9rJtLpU6Wr3J_AIhyKxcOvEWbCeeMbZS-AXsuaBOaWXWsAPKSGxQAq-MagMaPc_60JMzKqTOyMHlvwBbDSRKj_blyggnCHeXJL5p3GvYTAbxQ8HDamWkvQsDLckmps1J-ploVlxVBr2kub7ozB_RdIWWMFZxzE_9j_RW36mKKyZOIfyAvoSRNpdKok06OlKjx___eZ9SzMSXY-ZUToWtoqs6EF3pMDGXQQytZlCVvB4jsTm0cftQgS5aRu7ljQyMoI7yP_AiTSVgqmjQe-nmtcvdLs9q4._r9dDKONtc54j3vrPYZUByVPcUb00nYcatkgFaOVej0%26dib_tag%3Dse%26keywords%3DImmunsystem%2BVitamine%26qid%3D1772631573%26sr%3D8-3-spons%26aref%3DuEsevYCMS6%26sp_csd%3Dd2lkZ2V0TmFtZT1zcF9hdGY%26psc%3D1&aref=uEsevYCMS6&sp_cr=DUB
2026-03-04 15:13,Immunsystem Vitamine,"Immun Proactive von Primal Harvest® (30 Kapseln) komplett mit Vitaminen, Mineralien,Holunderbeeren - Extrakt und Beta Glucan - Immunsystem unterstützen - 1 Kapsel pro Tag",,"27,99 €",4.0,160,B0B6371PG2,4,https://www.amazon.de/sspa/click?ie=UTF8&spc=MTo0ODQ2MjgzMzc1Mzg4NDM1OjE3NzI2MzE1NzM6c3BfYXRmOjMwMDE2NDA4NTM0NTUzMjo6MDo6&url=%2FProactive-Primal-Harvest%25C2%25AE%25EF%25B8%258F-Mineralien-Holunderbeeren%2Fdp%2FB0B6371PG2%2Fref%3Dsr_1_4_sspa%3Fdib%3DeyJ2IjoiMSJ9.5Qoohnv6EQ2Z6j9rJtLpU6Wr3J_AIhyKxcOvEWbCeeMbZS-AXsuaBOaWXWsAPKSGxQAq-MagMaPc_60JMzKqTOyMHlvwBbDSRKj_blyggnCHeXJL5p3GvYTAbxQ8HDamWkvQsDLckmps1J-ploVlxVBr2kub7ozB_RdIWWMFZxzE_9j_RW36mKKyZOIfyAvoSRNpdKok06OlKjx___eZ9SzMSXY-ZUToWtoqs6EF3pMDGXQQytZlCVvB4jsTm0cftQgS5aRu7ljQyMoI7yP_AiTSVgqmjQe-nmtcvdLs9q4._r9dDKONtc54j3vrPYZUByVPcUb00nYcatkgFaOVej0%26dib_tag%3Dse%26keywords%3DImmunsystem%2BVitamine%26qid%3D1772631573%26sr%3D8-4-spons%26aref%3DMQDExGhE2c%26sp_csd%3Dd2lkZ2V0TmFtZT1zcF9hdGY%26psc%3D1&aref=MQDExGhE2c&sp_cr=DUB
2026-03-04 15:13,Immunsystem Vitamine,"proSan Immun Trinkampullen | der tägliche Boost für dein Immunsystem | vegetarisch & hochdosiert | Immunsystem unterstützen mit Vitamin C + weitere Vitamine, Mineralstoffe, OPC, uvm. (7 Stück)",,"20,95 €",4.5,91,B09HCC9WWV,5,https://www.amazon.de/sspa/click?ie=UTF8&spc=MTo0ODQ2MjgzMzc1Mzg4NDM1OjE3NzI2MzE1NzM6c3BfYXRmOjMwMDgyODMzMjY5NjkzMjo6MDo6&url=%2FproSan-Immun-Trinkampullen-Immunsystem-Mineralstoffe%2Fdp%2FB09HCC9WWV%2Fref%3Dsr_1_5_sspa%3Fdib%3DeyJ2IjoiMSJ9.5Qoohnv6EQ2Z6j9rJtLpU6Wr3J_AIhyKxcOvEWbCeeMbZS-AXsuaBOaWXWsAPKSGxQAq-MagMaPc_60JMzKqTOyMHlvwBbDSRKj_blyggnCHeXJL5p3GvYTAbxQ8HDamWkvQsDLckmps1J-ploVlxVBr2kub7ozB_RdIWWMFZxzE_9j_RW36mKKyZOIfyAvoSRNpdKok06OlKjx___eZ9SzMSXY-ZUToWtoqs6EF3pMDGXQQytZlCVvB4jsTm0cftQgS5aRu7ljQyMoI7yP_AiTSVgqmjQe-nmtcvdLs9q4._r9dDKONtc54j3vrPYZUByVPcUb00nYcatkgFaOVej0%26dib_tag%3Dse%26keywords%3DImmunsystem%2BVitamine%26qid%3D1772631573%26sr%3D8-5-spons%26aref%3D7D5DfiKh0B%26sp_csd%3Dd2lkZ2V0TmFtZT1zcF9hdGY%26psc%3D1&aref=7D5DfiKh0B&sp_cr=DUB
2026-03-04 15:13,Immunsystem Vitamine,natural elements Premium Multivitamin – 180 hochdosierte Komplex-Kapseln – wertvolle Vitamine A-Z – Premium-Rohstoffe – mit Bioaktiv-Formen – ohne unnötige Zusätze – laborgeprüfte Qualität,,"23,99 €",4.5,8811,B07RFLY8DZ,6,https://www.amazon.de/Multivitamin-Einf%C3%BChrungspreis-Premium-Rohstoffe-umfangreichen-laborgepr%C3%BCft/dp/B07RFLY8DZ/ref=sr_1_6?dib=eyJ2IjoiMSJ9.5Qoohnv6EQ2Z6j9rJtLpU6Wr3J_AIhyKxcOvEWbCeeMbZS-AXsuaBOaWXWsAPKSGxQAq-MagMaPc_60JMzKqTOyMHlvwBbDSRKj_blyggnCHeXJL5p3GvYTAbxQ8HDamWkvQsDLckmps1J-ploVlxVBr2kub7ozB_RdIWWMFZxzE_9j_RW36mKKyZOIfyAvoSRNpdKok06OlKjx___eZ9SzMSXY-ZUToWtoqs6EF3pMDGXQQytZlCVvB4jsTm0cftQgS5aRu7ljQyMoI7yP_AiTSVgqmjQe-nmtcvdLs9q4._r9dDKONtc54j3vrPYZUByVPcUb00nYcatkgFaOVej0&dib_tag=se&keywords=Immunsystem+Vitamine&qid=1772631573&sr=8-6
2026-03-04 15:13,Immunsystem Vitamine,"NATURE LOVE® Immun Komplex - 120 Kapseln - 4 Monate Reichweite - mit Echinacea-Extrakt, Vitamin C & D, Zink, Selen und Histidin - Immunsystem unterstützen* - hochdosiert, laborgeprüft aus Deutschland",,"19,99 €",4.7,372,B0C85QSHP7,7,https://www.amazon.de/NATURE-LOVE%C2%AE-Immun-Komplex-Echinacea-Extrakt/dp/B0C85QSHP7/ref=sr_1_7?dib=eyJ2IjoiMSJ9.5Qoohnv6EQ2Z6j9rJtLpU6Wr3J_AIhyKxcOvEWbCeeMbZS-AXsuaBOaWXWsAPKSGxQAq-MagMaPc_60JMzKqTOyMHlvwBbDSRKj_blyggnCHeXJL5p3GvYTAbxQ8HDamWkvQsDLckmps1J-ploVlxVBr2kub7ozB_RdIWWMFZxzE_9j_RW36mKKyZOIfyAvoSRNpdKok06OlKjx___eZ9SzMSXY-ZUToWtoqs6EF3pMDGXQQytZlCVvB4jsTm0cftQgS5aRu7ljQyMoI7yP_AiTSVgqmjQe-nmtcvdLs9q4._r9dDKONtc54j3vrPYZUByVPcUb00nYcatkgFaOVej0&dib_tag=se&keywords=Immunsystem+Vitamine&qid=1772631573&sr=8-7
2026-03-04 15:13,Immunsystem Vitamine,Immunsystem-Komplex - 500mg Echinacea mit Vitamin C Zink Selen L-Histidin & Kalmegh - Immunsystem stärken * vegan & ohne Zusätze - 120 Echinacea Purpurea Kapseln für 60 Tage,,"19,99 €",4.5,1368,B086QPR8K7,8,https://www.amazon.de/Immunsystem-Komplex-Echinacea-L-Histidin-Immunsystem-Purpurea/dp/B086QPR8K7/ref=sr_1_8?dib=eyJ2IjoiMSJ9.5Qoohnv6EQ2Z6j9rJtLpU6Wr3J_AIhyKxcOvEWbCeeMbZS-AXsuaBOaWXWsAPKSGxQAq-MagMaPc_60JMzKqTOyMHlvwBbDSRKj_blyggnCHeXJL5p3GvYTAbxQ8HDamWkvQsDLckmps1J-ploVlxVBr2kub7ozB_RdIWWMFZxzE_9j_RW36mKKyZOIfyAvoSRNpdKok06OlKjx___eZ9SzMSXY-ZUToWtoqs6EF3pMDGXQQytZlCVvB4jsTm0cftQgS5aRu7ljQyMoI7yP_AiTSVgqmjQe-nmtcvdLs9q4._r9dDKONtc54j3vrPYZUByVPcUb00nYcatkgFaOVej0&dib_tag=se&keywords=Immunsystem+Vitamine&qid=1772631573&rdc=1&sr=8-8
2026-03-04 15:13,Immunsystem Vitamine,Multivitamin Hochdosiert - 450 Tabletten - Wertvolle Mineralien & alle A-Z Vitamine - 15 Monate Vorrat - Unterstützt das Immunsystem* - Laborgeprüft ohne Zusätze in Deutschland hergestellt,,"21,99 €",4.4,23145,B075RCPZ3P,9,https://www.amazon.de/Multivitamin-Vegane-Tabletten-Hochdosiert-VERGLEICHSSIEGER/dp/B075RCPZ3P/ref=sr_1_9?dib=eyJ2IjoiMSJ9.5Qoohnv6EQ2Z6j9rJtLpU6Wr3J_AIhyKxcOvEWbCeeMbZS-AXsuaBOaWXWsAPKSGxQAq-MagMaPc_60JMzKqTOyMHlvwBbDSRKj_blyggnCHeXJL5p3GvYTAbxQ8HDamWkvQsDLckmps1J-ploVlxVBr2kub7ozB_RdIWWMFZxzE_9j_RW36mKKyZOIfyAvoSRNpdKok06OlKjx___eZ9SzMSXY-ZUToWtoqs6EF3pMDGXQQytZlCVvB4jsTm0cftQgS5aRu7ljQyMoI7yP_AiTSVgqmjQe-nmtcvdLs9q4._r9dDKONtc54j3vrPYZUByVPcUb00nYcatkgFaOVej0&dib_tag=se&keywords=Immunsystem+Vitamine&qid=1772631573&sr=8-9
2026-03-04 15:13,Immunsystem Vitamine,"Doppelherz A–Z + Immun DIRECT – Mit Zink, Vitamin B12, Vitamin C und D als Beitrag für die normale Funktion des Immunsystems –Flüssigkeit, 20 Sachets",,"4,79 €",4.7,608,B08NWX1SC5,10,https://www.amazon.de/Doppelherz-Z-Immun-DIRECT-Immunsystems/dp/B08NWX1SC5/ref=sr_1_10?dib=eyJ2IjoiMSJ9.5Qoohnv6EQ2Z6j9rJtLpU6Wr3J_AIhyKxcOvEWbCeeMbZS-AXsuaBOaWXWsAPKSGxQAq-MagMaPc_60JMzKqTOyMHlvwBbDSRKj_blyggnCHeXJL5p3GvYTAbxQ8HDamWkvQsDLckmps1J-ploVlxVBr2kub7ozB_RdIWWMFZxzE_9j_RW36mKKyZOIfyAvoSRNpdKok06OlKjx___eZ9SzMSXY-ZUToWtoqs6EF3pMDGXQQytZlCVvB4jsTm0cftQgS5aRu7ljQyMoI7yP_AiTSVgqmjQe-nmtcvdLs9q4._r9dDKONtc54j3vrPYZUByVPcUb00nYcatkgFaOVej0&dib_tag=se&keywords=Immunsystem+Vitamine&qid=1772631573&sr=8-10
2026-03-04 15:13,Immunsystem Vitamine,immun-boost - der Immun Shot mit Vitamin C Zink hochdosiert | Immunbooster | Immunsystem stärken Erwachsene ¹| Ampullen zum Trinken 7 Stück,,"21,95 €",4.8,8,B0F4856JCW,11,https://www.amazon.de/sspa/click?ie=UTF8&spc=MTo0ODQ2MjgzMzc1Mzg4NDM1OjE3NzI2MzE1NzM6c3BfbXRmOjMwMDkzNTkwOTY4ODgzMjo6MDo6&url=%2FOrthoexpert-immun-boost-hochdosert-Immunbooster-Immunsystem%2Fdp%2FB0F4856JCW%2Fref%3Dsr_1_11_sspa%3Fdib%3DeyJ2IjoiMSJ9.5Qoohnv6EQ2Z6j9rJtLpU6Wr3J_AIhyKxcOvEWbCeeMbZS-AXsuaBOaWXWsAPKSGxQAq-MagMaPc_60JMzKqTOyMHlvwBbDSRKj_blyggnCHeXJL5p3GvYTAbxQ8HDamWkvQsDLckmps1J-ploVlxVBr2kub7ozB_RdIWWMFZxzE_9j_RW36mKKyZOIfyAvoSRNpdKok06OlKjx___eZ9SzMSXY-ZUToWtoqs6EF3pMDGXQQytZlCVvB4jsTm0cftQgS5aRu7ljQyMoI7yP_AiTSVgqmjQe-nmtcvdLs9q4._r9dDKONtc54j3vrPYZUByVPcUb00nYcatkgFaOVej0%26dib_tag%3Dse%26keywords%3DImmunsystem%2BVitamine%26qid%3D1772631573%26sr%3D8-11-spons%26aref%3DupaonFNo1C%26sp_csd%3Dd2lkZ2V0TmFtZT1zcF9tdGY%26psc%3D1&aref=upaonFNo1C&sp_cr=DUB
2026-03-04 15:13,Immunsystem Vitamine,Immun Komplex Gummibärchen für Kinder mit leckerem Holunderbeeren Geschmack I Immunsystem stärken Kinder I Vitamin C Zink hochdosiert Selen und Vitamin D I Vegan I 60 Vitamin Gummies,,"19,90 €",4.8,101,B0DB8NRDNQ,12,https://www.amazon.de/sspa/click?ie=UTF8&spc=MTo0ODQ2MjgzMzc1Mzg4NDM1OjE3NzI2MzE1NzM6c3BfbXRmOjMwMDM3NjA2NDE4MjIzMjo6MDo6&url=%2FVitamin-Gummib%25C3%25A4rchen-Immunsystem-Multivitamin-Holunderbeeren%2Fdp%2FB0DB8NRDNQ%2Fref%3Dsr_1_12_sspa%3Fdib%3DeyJ2IjoiMSJ9.5Qoohnv6EQ2Z6j9rJtLpU6Wr3J_AIhyKxcOvEWbCeeMbZS-AXsuaBOaWXWsAPKSGxQAq-MagMaPc_60JMzKqTOyMHlvwBbDSRKj_blyggnCHeXJL5p3GvYTAbxQ8HDamWkvQsDLckmps1J-ploVlxVBr2kub7ozB_RdIWWMFZxzE_9j_RW36mKKyZOIfyAvoSRNpdKok06OlKjx___eZ9SzMSXY-ZUToWtoqs6EF3pMDGXQQytZlCVvB4jsTm0cftQgS5aRu7ljQyMoI7yP_AiTSVgqmjQe-nmtcvdLs9q4._r9dDKONtc54j3vrPYZUByVPcUb00nYcatkgFaOVej0%26dib_tag%3Dse%26keywords%3DImmunsystem%2BVitamine%26qid%3D1772631573%26sr%3D8-12-spons%26aref%3DSV7kHP0cK6%26sp_csd%3Dd2lkZ2V0TmFtZT1zcF9tdGY%26psc%3D1&aref=SV7kHP0cK6&sp_cr=DUB
2026-03-04 15:13,Immunsystem Vitamine,"ESN Athlete Stack Men 2.0, 210 Kapseln, alle essentiellen Vitamine und Mineralstoffe, vegan - Made in Germany",,"29,85 €",4.5,1208,B0DWXLWDFL,13,https://www.amazon.de/sspa/click?ie=UTF8&spc=MTo0ODQ2MjgzMzc1Mzg4NDM1OjE3NzI2MzE1NzM6c3BfbXRmOjMwMDYwMDIxNDg4NjAzMjo6MDo6&url=%2FESN-Athlete-essentiellen-Vitamine-Mineralstoffe%2Fdp%2FB0DWXLWDFL%2Fref%3Dsr_1_13_sspa%3Fdib%3DeyJ2IjoiMSJ9.5Qoohnv6EQ2Z6j9rJtLpU6Wr3J_AIhyKxcOvEWbCeeMbZS-AXsuaBOaWXWsAPKSGxQAq-MagMaPc_60JMzKqTOyMHlvwBbDSRKj_blyggnCHeXJL5p3GvYTAbxQ8HDamWkvQsDLckmps1J-ploVlxVBr2kub7ozB_RdIWWMFZxzE_9j_RW36mKKyZOIfyAvoSRNpdKok06OlKjx___eZ9SzMSXY-ZUToWtoqs6EF3pMDGXQQytZlCVvB4jsTm0cftQgS5aRu7ljQyMoI7yP_AiTSVgqmjQe-nmtcvdLs9q4._r9dDKONtc54j3vrPYZUByVPcUb00nYcatkgFaOVej0%26dib_tag%3Dse%26keywords%3DImmunsystem%2BVitamine%26qid%3D1772631573%26rdc%3D1%26sr%3D8-13-spons%26aref%3DinxwiiyfOe%26sp_csd%3Dd2lkZ2V0TmFtZT1zcF9tdGY%26psc%3D1&aref=inxwiiyfOe&sp_cr=DUB
2026-03-04 15:13,Immunsystem Vitamine,"Vegavero Immunsystem Komplex – mit Echinacea, Acerola Vitamin C, Vitamin D3, Ingwer, Zink & Selen – vegane Immunformel ohne Zusatzstoffe – 120 Kapseln hochdosiert",,"22,90 €",4.2,1362,B07DGGD49G,14,https://www.amazon.de/sspa/click?ie=UTF8&spc=MTo0ODQ2MjgzMzc1Mzg4NDM1OjE3NzI2MzE1NzM6c3BfbXRmOjMwMDMzNzk5OTMxMTQzMjo6MDo6&url=%2FImmunsystem-Komplex-Vegavero%25C2%25AE-Echinacea-Abwehrkr%25C3%25A4fte%2Fdp%2FB07DGGD49G%2Fref%3Dsr_1_14_sspa%3Fdib%3DeyJ2IjoiMSJ9.5Qoohnv6EQ2Z6j9rJtLpU6Wr3J_AIhyKxcOvEWbCeeMbZS-AXsuaBOaWXWsAPKSGxQAq-MagMaPc_60JMzKqTOyMHlvwBbDSRKj_blyggnCHeXJL5p3GvYTAbxQ8HDamWkvQsDLckmps1J-ploVlxVBr2kub7ozB_RdIWWMFZxzE_9j_RW36mKKyZOIfyAvoSRNpdKok06OlKjx___eZ9SzMSXY-ZUToWtoqs6EF3pMDGXQQytZlCVvB4jsTm0cftQgS5aRu7ljQyMoI7yP_AiTSVgqmjQe-nmtcvdLs9q4._r9dDKONtc54j3vrPYZUByVPcUb00nYcatkgFaOVej0%26dib_tag%3Dse%26keywords%3DImmunsystem%2BVitamine%26qid%3D1772631573%26sr%3D8-14-spons%26aref%3DUoxRsVM09V%26sp_csd%3Dd2lkZ2V0TmFtZT1zcF9tdGY%26psc%3D1&aref=UoxRsVM09V&sp_cr=DUB
2026-03-04 15:13,Immunsystem Vitamine,"Multivitamin Pulver + Magnesium, Zink & Selen - Vitamine A-Z hochdosiert - Immunsystem stärken - hochwertige Mikronährstoffe - ohne Zuckerzusatz - vegan - in Deutschland hergestellt - ACE Geschmack",,"39,90 €",4.4,584,B0C1SZVWBV,15,https://www.amazon.de/Vitapow-Multivitamin-Pulver-Mineralien-Mikron%C3%A4hrstoffe/dp/B0C1SZVWBV/ref=sr_1_15?dib=eyJ2IjoiMSJ9.5Qoohnv6EQ2Z6j9rJtLpU6Wr3J_AIhyKxcOvEWbCeeMbZS-AXsuaBOaWXWsAPKSGxQAq-MagMaPc_60JMzKqTOyMHlvwBbDSRKj_blyggnCHeXJL5p3GvYTAbxQ8HDamWkvQsDLckmps1J-ploVlxVBr2kub7ozB_RdIWWMFZxzE_9j_RW36mKKyZOIfyAvoSRNpdKok06OlKjx___eZ9SzMSXY-ZUToWtoqs6EF3pMDGXQQytZlCVvB4jsTm0cftQgS5aRu7ljQyMoI7yP_AiTSVgqmjQe-nmtcvdLs9q4._r9dDKONtc54j3vrPYZUByVPcUb00nYcatkgFaOVej0&dib_tag=se&keywords=Immunsystem+Vitamine&qid=1772631573&sr=8-15
2026-03-04 15:13,Immunsystem Vitamine,"Doppelherz Immun plus Echinacea 8-in-1 Abwehr - Mit Vitamin C, Vitamin D und Zink als Beitrag zur normalen Funktion des Immunsystems - 120 Depot-Tabletten",,"22,92 €",4.6,396,B08GD48M6W,16,https://www.amazon.de/Doppelherz-Immun-plus-Immunsystems-Tabletten/dp/B08GD48M6W/ref=sr_1_16?dib=eyJ2IjoiMSJ9.5Qoohnv6EQ2Z6j9rJtLpU6Wr3J_AIhyKxcOvEWbCeeMbZS-AXsuaBOaWXWsAPKSGxQAq-MagMaPc_60JMzKqTOyMHlvwBbDSRKj_blyggnCHeXJL5p3GvYTAbxQ8HDamWkvQsDLckmps1J-ploVlxVBr2kub7ozB_RdIWWMFZxzE_9j_RW36mKKyZOIfyAvoSRNpdKok06OlKjx___eZ9SzMSXY-ZUToWtoqs6EF3pMDGXQQytZlCVvB4jsTm0cftQgS5aRu7ljQyMoI7yP_AiTSVgqmjQe-nmtcvdLs9q4._r9dDKONtc54j3vrPYZUByVPcUb00nYcatkgFaOVej0&dib_tag=se&keywords=Immunsystem+Vitamine&qid=1772631573&sr=8-16
2026-03-04 15:13,Immunsystem Vitamine,"Doppelherz Abwehr aktiv DIRECT - Zink, Selen & Vitamin C zur Unterstützung des Immunsystems PLUS Histidin - 40 Micro-Pellets mit Orangen-Geschmack",,"6,79 €",4.7,1726,B07Z2R6B2W,17,https://www.amazon.de/Doppelherz-Abwehr-Aktiv-Direct-Pellets/dp/B07Z2R6B2W/ref=sr_1_17?dib=eyJ2IjoiMSJ9.5Qoohnv6EQ2Z6j9rJtLpU6Wr3J_AIhyKxcOvEWbCeeMbZS-AXsuaBOaWXWsAPKSGxQAq-MagMaPc_60JMzKqTOyMHlvwBbDSRKj_blyggnCHeXJL5p3GvYTAbxQ8HDamWkvQsDLckmps1J-ploVlxVBr2kub7ozB_RdIWWMFZxzE_9j_RW36mKKyZOIfyAvoSRNpdKok06OlKjx___eZ9SzMSXY-ZUToWtoqs6EF3pMDGXQQytZlCVvB4jsTm0cftQgS5aRu7ljQyMoI7yP_AiTSVgqmjQe-nmtcvdLs9q4._r9dDKONtc54j3vrPYZUByVPcUb00nYcatkgFaOVej0&dib_tag=se&keywords=Immunsystem+Vitamine&qid=1772631573&sr=8-17
2026-03-04 15:13,Immunsystem Vitamine,"tetesept Immusan C 800 5-in-1 Depot Complex – 1 x 90 Tabletten (3 Monatspackung) – für das Immunsystem – Nahrungsergänzungsmittel mit Vitamin C, D, B12, Zink und Selen",,"17,78 €",4.6,488,B08HD939YF,18,https://www.amazon.de/tetesept-Immusan-Depot-Complex-Nahrungserg%C3%A4nzungsmittel/dp/B08HD939YF/ref=sr_1_18?dib=eyJ2IjoiMSJ9.5Qoohnv6EQ2Z6j9rJtLpU6Wr3J_AIhyKxcOvEWbCeeMbZS-AXsuaBOaWXWsAPKSGxQAq-MagMaPc_60JMzKqTOyMHlvwBbDSRKj_blyggnCHeXJL5p3GvYTAbxQ8HDamWkvQsDLckmps1J-ploVlxVBr2kub7ozB_RdIWWMFZxzE_9j_RW36mKKyZOIfyAvoSRNpdKok06OlKjx___eZ9SzMSXY-ZUToWtoqs6EF3pMDGXQQytZlCVvB4jsTm0cftQgS5aRu7ljQyMoI7yP_AiTSVgqmjQe-nmtcvdLs9q4._r9dDKONtc54j3vrPYZUByVPcUb00nYcatkgFaOVej0&dib_tag=se&keywords=Immunsystem+Vitamine&qid=1772631573&sr=8-18
2026-03-04 15:13,Immunsystem Vitamine,"Orthomol Immun - Mikronährstoffe zur Unterstützung des Immunsystems - mit Vitamin C, Vitamin D und Zink - Tabletten/Kapseln à 15 x Tagesportionen",,"31,92 €",4.7,629,B00JDTJ0VY,19,https://www.amazon.de/sspa/click?ie=UTF8&spc=MTo0ODQ2MjgzMzc1Mzg4NDM1OjE3NzI2MzE1NzM6c3BfbXRmOjMwMDk1MTk4NzkyNTUzMjo6MDo6&url=%2FOrthomol-immun-Tabletten-Kapseln-St%2Fdp%2FB00JDTJ0VY%2Fref%3Dsr_1_19_sspa%3Fdib%3DeyJ2IjoiMSJ9.5Qoohnv6EQ2Z6j9rJtLpU6Wr3J_AIhyKxcOvEWbCeeMbZS-AXsuaBOaWXWsAPKSGxQAq-MagMaPc_60JMzKqTOyMHlvwBbDSRKj_blyggnCHeXJL5p3GvYTAbxQ8HDamWkvQsDLckmps1J-ploVlxVBr2kub7ozB_RdIWWMFZxzE_9j_RW36mKKyZOIfyAvoSRNpdKok06OlKjx___eZ9SzMSXY-ZUToWtoqs6EF3pMDGXQQytZlCVvB4jsTm0cftQgS5aRu7ljQyMoI7yP_AiTSVgqmjQe-nmtcvdLs9q4._r9dDKONtc54j3vrPYZUByVPcUb00nYcatkgFaOVej0%26dib_tag%3Dse%26keywords%3DImmunsystem%2BVitamine%26qid%3D1772631573%26sr%3D8-19-spons%26aref%3DP3rR4wXMSc%26sp_csd%3Dd2lkZ2V0TmFtZT1zcF9tdGY%26psc%3D1&aref=P3rR4wXMSc&sp_cr=DUB
2026-03-04 15:13,Immunsystem Vitamine,natural elements Premium Multivitamin – 180 hochdosierte Komplex-Kapseln – wertvolle Vitamine A-Z – Premium-Rohstoffe – mit Bioaktiv-Formen – ohne unnötige Zusätze – laborgeprüfte Qualität,,"23,99 €",4.5,8811,B07RFLY8DZ,20,https://www.amazon.de/sspa/click?ie=UTF8&spc=MTo0ODQ2MjgzMzc1Mzg4NDM1OjE3NzI2MzE1NzM6c3BfbXRmOjIwMDkwOTcyNzQ5NDA2OjowOjo&url=%2FMultivitamin-Einf%25C3%25BChrungspreis-Premium-Rohstoffe-umfangreichen-laborgepr%25C3%25BCft%2Fdp%2FB07RFLY8DZ%2Fref%3Dsr_1_20_sspa%3Fdib%3DeyJ2IjoiMSJ9.5Qoohnv6EQ2Z6j9rJtLpU6Wr3J_AIhyKxcOvEWbCeeMbZS-AXsuaBOaWXWsAPKSGxQAq-MagMaPc_60JMzKqTOyMHlvwBbDSRKj_blyggnCHeXJL5p3GvYTAbxQ8HDamWkvQsDLckmps1J-ploVlxVBr2kub7ozB_RdIWWMFZxzE_9j_RW36mKKyZOIfyAvoSRNpdKok06OlKjx___eZ9SzMSXY-ZUToWtoqs6EF3pMDGXQQytZlCVvB4jsTm0cftQgS5aRu7ljQyMoI7yP_AiTSVgqmjQe-nmtcvdLs9q4._r9dDKONtc54j3vrPYZUByVPcUb00nYcatkgFaOVej0%26dib_tag%3Dse%26keywords%3DImmunsystem%2BVitamine%26qid%3D1772631573%26sr%3D8-20-spons%26aref%3DHvCBfHJmfD%26sp_csd%3Dd2lkZ2V0TmFtZT1zcF9tdGY%26psc%3D1&aref=HvCBfHJmfD&sp_cr=DUB
2026-03-04 15:13,Mikronährstoffkonzentrat Amazon,"Vital Ultra - 480 ml - Mikronährstoffkonzentrat mit Vitaminen, Mineralien, Spurenelementen, Pflanzenstoffen und Omega-3-Fettsäuren - flüssiges Lebensmittel aus über 70 Zutaten mit bis zu 60 Portionen",,"33,30 €",4.3,3262,B0168KNAKW,1,https://www.amazon.de/sspa/click?ie=UTF8&spc=MTo2Mzk0MDgzMTE1NDAyNjU2OjE3NzI2MzE1NzY6c3BfYXRmOjIwMDMxOTE0NDM2MjAxOjowOjo&url=%2FVital-Ultra-Spurenelementen-Pflanzenstoffen-Omega-3-Fetts%25C3%25A4uren%2Fdp%2FB0168KNAKW%2Fref%3Dsr_1_1_sspa%3Fdib%3DeyJ2IjoiMSJ9.caHKipXvuySuiPDbBYRWW8Q3ZAgpx649L8OIjixeuMIOKxCdazJQNS6hyWOGYlhgAf6ZRu2lHb5OYjZOj7CpoxJcVZMR5sBdTTzdUcWc0Eh4_1gImmLZmyEJNSQFVQWuh55d2lGtvxm0pysNAFZlslXnoycDV8qBYwHWcM80VoiujKe5jBfi0OUAVojNxrzMcU07eZUm79VA6knzJmDXMzPgbopJxhuguoUBcZasUdHLcorGvaLb7q5Fh1dtptr5IA7gq9_n5VyjqmBDmuK4rntgtiCNDvhAqEq9Ve99G6w.ew9WKl-_HWnEDUIGVljZk1Ksj7nvmdx5696M6nXYzZk%26dib_tag%3Dse%26keywords%3DMikron%25C3%25A4hrstoffkonzentrat%2BAmazon%26qid%3D1772631576%26sr%3D8-1-spons%26aref%3DyG23WIriWA%26sp_csd%3Dd2lkZ2V0TmFtZT1zcF9hdGY%26psc%3D1&aref=yG23WIriWA&sp_cr=DUB
2026-03-04 15:13,Mikronährstoffkonzentrat Amazon,"Zirkulin Vital Mikronährstoffkonzentrat (3x200ml) – 60 Tage Reichweite - 66 Vitalstoffe aus Obst, Gemüse & Kräutern - Wertvolle Polyphenole – Vitamine & Mineralstoffe für die Familie",,"39,99 €",4.4,1029,B0DJGPMGC6,2,https://www.amazon.de/sspa/click?ie=UTF8&spc=MTo2Mzk0MDgzMTE1NDAyNjU2OjE3NzI2MzE1NzY6c3BfYXRmOjMwMDM1OTQxNDY4MjgzMjo6MDo6&url=%2FZirkulin-Vital-Mikron%25C3%25A4hrstoffkonzentrat-3x200ml-Mineralstoffe%2Fdp%2FB0DJGPMGC6%2Fref%3Dsr_1_2_sspa%3Fdib%3DeyJ2IjoiMSJ9.caHKipXvuySuiPDbBYRWW8Q3ZAgpx649L8OIjixeuMIOKxCdazJQNS6hyWOGYlhgAf6ZRu2lHb5OYjZOj7CpoxJcVZMR5sBdTTzdUcWc0Eh4_1gImmLZmyEJNSQFVQWuh55d2lGtvxm0pysNAFZlslXnoycDV8qBYwHWcM80VoiujKe5jBfi0OUAVojNxrzMcU07eZUm79VA6knzJmDXMzPgbopJxhuguoUBcZasUdHLcorGvaLb7q5Fh1dtptr5IA7gq9_n5VyjqmBDmuK4rntgtiCNDvhAqEq9Ve99G6w.ew9WKl-_HWnEDUIGVljZk1Ksj7nvmdx5696M6nXYzZk%26dib_tag%3Dse%26keywords%3DMikron%25C3%25A4hrstoffkonzentrat%2BAmazon%26qid%3D1772631576%26sr%3D8-2-spons%26aref%3Dpnybzpjei5%26sp_csd%3Dd2lkZ2V0TmFtZT1zcF9hdGY%26psc%3D1&aref=pnybzpjei5&sp_cr=DUB
2026-03-04 15:13,Mikronährstoffkonzentrat Amazon,Mikronährstoffkonzentrat 500 ml – 128 Zutaten inkl. fermentiertem Obst und Gemüse – für die tägliche Nährstoffversorgung | Vegan | 1-Monats-Vorrat,,"36,90 €",4.6,93,B0FWBQXNRB,3,https://www.amazon.de/sspa/click?ie=UTF8&spc=MTo2Mzk0MDgzMTE1NDAyNjU2OjE3NzI2MzE1NzY6c3BfYXRmOjMwMDgwMzE5NzI5NDgzMjo6MDo6&url=%2FVitabalance%25C2%25AE-Mikron%25C3%25A4hrstoffkonzentrat-fermentiertem-N%25C3%25A4hrstoffversorgung-1-Monats-Vorrat%2Fdp%2FB0FWBQXNRB%2Fref%3Dsr_1_3_sspa%3Fdib%3DeyJ2IjoiMSJ9.caHKipXvuySuiPDbBYRWW8Q3ZAgpx649L8OIjixeuMIOKxCdazJQNS6hyWOGYlhgAf6ZRu2lHb5OYjZOj7CpoxJcVZMR5sBdTTzdUcWc0Eh4_1gImmLZmyEJNSQFVQWuh55d2lGtvxm0pysNAFZlslXnoycDV8qBYwHWcM80VoiujKe5jBfi0OUAVojNxrzMcU07eZUm79VA6knzJmDXMzPgbopJxhuguoUBcZasUdHLcorGvaLb7q5Fh1dtptr5IA7gq9_n5VyjqmBDmuK4rntgtiCNDvhAqEq9Ve99G6w.ew9WKl-_HWnEDUIGVljZk1Ksj7nvmdx5696M6nXYzZk%26dib_tag%3Dse%26keywords%3DMikron%25C3%25A4hrstoffkonzentrat%2BAmazon%26qid%3D1772631576%26sr%3D8-3-spons%26aref%3Dzw8OkccIQA%26sp_csd%3Dd2lkZ2V0TmFtZT1zcF9hdGY%26psc%3D1&aref=zw8OkccIQA&sp_cr=DUB
2026-03-04 15:13,Mikronährstoffkonzentrat Amazon,"Multivitamin Pulver + Magnesium, Zink & Selen - Vitamine A-Z hochdosiert - Immunsystem stärken - hochwertige Mikronährstoffe - ohne Zuckerzusatz - vegan - in Deutschland hergestellt - ACE Geschmack",,"39,90 €",4.4,584,B0C1SZVWBV,4,https://www.amazon.de/sspa/click?ie=UTF8&spc=MTo2Mzk0MDgzMTE1NDAyNjU2OjE3NzI2MzE1NzY6c3BfYXRmOjMwMDc4OTMzMTM3MzkzMjo6MDo6&url=%2FVitapow-Multivitamin-Pulver-Mineralien-Mikron%25C3%25A4hrstoffe%2Fdp%2FB0C1SZVWBV%2Fref%3Dsr_1_4_sspa%3Fdib%3DeyJ2IjoiMSJ9.caHKipXvuySuiPDbBYRWW8Q3ZAgpx649L8OIjixeuMIOKxCdazJQNS6hyWOGYlhgAf6ZRu2lHb5OYjZOj7CpoxJcVZMR5sBdTTzdUcWc0Eh4_1gImmLZmyEJNSQFVQWuh55d2lGtvxm0pysNAFZlslXnoycDV8qBYwHWcM80VoiujKe5jBfi0OUAVojNxrzMcU07eZUm79VA6knzJmDXMzPgbopJxhuguoUBcZasUdHLcorGvaLb7q5Fh1dtptr5IA7gq9_n5VyjqmBDmuK4rntgtiCNDvhAqEq9Ve99G6w.ew9WKl-_HWnEDUIGVljZk1Ksj7nvmdx5696M6nXYzZk%26dib_tag%3Dse%26keywords%3DMikron%25C3%25A4hrstoffkonzentrat%2BAmazon%26qid%3D1772631576%26sr%3D8-4-spons%26aref%3DlrahtYRqAx%26sp_csd%3Dd2lkZ2V0TmFtZT1zcF9hdGY%26psc%3D1&aref=lrahtYRqAx&sp_cr=DUB
2026-03-04 15:13,Mikronährstoffkonzentrat Amazon,"Life Essence Mikronährstoffkonzentrat mit 80+ Zutaten – Hochdosiert mit Vitaminen, Mineralstoffen, Antioxidantien & Pflanzenextrakten – Unterstützt Immunsystem, Stoffwechsel & Energie – 35 Tagesration",,"29,90 €",4.1,7,B0G1N54STQ,5,https://www.amazon.de/sspa/click?ie=UTF8&spc=MTo2Mzk0MDgzMTE1NDAyNjU2OjE3NzI2MzE1NzY6c3BfYXRmOjMwMDkzODQ4MjE3NTgzMjo6MDo6&url=%2FLife-Essence-Mikron%25C3%25A4hrstoffkonzentrat-Zutaten-Pflanzenextrakten%2Fdp%2FB0G1N54STQ%2Fref%3Dsr_1_5_sspa%3Fdib%3DeyJ2IjoiMSJ9.caHKipXvuySuiPDbBYRWW8Q3ZAgpx649L8OIjixeuMIOKxCdazJQNS6hyWOGYlhgAf6ZRu2lHb5OYjZOj7CpoxJcVZMR5sBdTTzdUcWc0Eh4_1gImmLZmyEJNSQFVQWuh55d2lGtvxm0pysNAFZlslXnoycDV8qBYwHWcM80VoiujKe5jBfi0OUAVojNxrzMcU07eZUm79VA6knzJmDXMzPgbopJxhuguoUBcZasUdHLcorGvaLb7q5Fh1dtptr5IA7gq9_n5VyjqmBDmuK4rntgtiCNDvhAqEq9Ve99G6w.ew9WKl-_HWnEDUIGVljZk1Ksj7nvmdx5696M6nXYzZk%26dib_tag%3Dse%26keywords%3DMikron%25C3%25A4hrstoffkonzentrat%2BAmazon%26qid%3D1772631576%26sr%3D8-5-spons%26aref%3DkfAYZrPMPS%26sp_csd%3Dd2lkZ2V0TmFtZT1zcF9hdGY%26psc%3D1&aref=kfAYZrPMPS&sp_cr=DUB
2026-03-04 15:13,Mikronährstoffkonzentrat Amazon,"Vital Ultra - 480 ml - Mikronährstoffkonzentrat mit Vitaminen, Mineralien, Spurenelementen, Pflanzenstoffen und Omega-3-Fettsäuren - flüssiges Lebensmittel aus über 70 Zutaten mit bis zu 60 Portionen",,"33,30 €",4.3,3262,B0168KNAKW,6,https://www.amazon.de/Vital-Ultra-Spurenelementen-Pflanzenstoffen-Omega-3-Fetts%C3%A4uren/dp/B0168KNAKW/ref=sr_1_6?dib=eyJ2IjoiMSJ9.caHKipXvuySuiPDbBYRWW8Q3ZAgpx649L8OIjixeuMIOKxCdazJQNS6hyWOGYlhgAf6ZRu2lHb5OYjZOj7CpoxJcVZMR5sBdTTzdUcWc0Eh4_1gImmLZmyEJNSQFVQWuh55d2lGtvxm0pysNAFZlslXnoycDV8qBYwHWcM80VoiujKe5jBfi0OUAVojNxrzMcU07eZUm79VA6knzJmDXMzPgbopJxhuguoUBcZasUdHLcorGvaLb7q5Fh1dtptr5IA7gq9_n5VyjqmBDmuK4rntgtiCNDvhAqEq9Ve99G6w.ew9WKl-_HWnEDUIGVljZk1Ksj7nvmdx5696M6nXYzZk&dib_tag=se&keywords=Mikron%C3%A4hrstoffkonzentrat+Amazon&qid=1772631576&sr=8-6
2026-03-04 15:13,Mikronährstoffkonzentrat Amazon,Mikronährstoffkonzentrat 500 ml – 128 Zutaten inkl. fermentiertem Obst und Gemüse – für die tägliche Nährstoffversorgung | Vegan | 1-Monats-Vorrat,,"36,90 €",4.6,93,B0FWBQXNRB,7,https://www.amazon.de/Vitabalance%C2%AE-Mikron%C3%A4hrstoffkonzentrat-fermentiertem-N%C3%A4hrstoffversorgung-1-Monats-Vorrat/dp/B0FWBQXNRB/ref=sr_1_7?dib=eyJ2IjoiMSJ9.caHKipXvuySuiPDbBYRWW8Q3ZAgpx649L8OIjixeuMIOKxCdazJQNS6hyWOGYlhgAf6ZRu2lHb5OYjZOj7CpoxJcVZMR5sBdTTzdUcWc0Eh4_1gImmLZmyEJNSQFVQWuh55d2lGtvxm0pysNAFZlslXnoycDV8qBYwHWcM80VoiujKe5jBfi0OUAVojNxrzMcU07eZUm79VA6knzJmDXMzPgbopJxhuguoUBcZasUdHLcorGvaLb7q5Fh1dtptr5IA7gq9_n5VyjqmBDmuK4rntgtiCNDvhAqEq9Ve99G6w.ew9WKl-_HWnEDUIGVljZk1Ksj7nvmdx5696M6nXYzZk&dib_tag=se&keywords=Mikron%C3%A4hrstoffkonzentrat+Amazon&qid=1772631576&sr=8-7
2026-03-04 15:13,Mikronährstoffkonzentrat Amazon,"Dr. Wolz Vitalkomplex 500ml - Mikronährstoff-Komplex mit 95 Zutaten - Vitamine, Mineralstoffe, Spurenelemente & Sekundäre Pflanzenstoffe – Vita Saft Konzentrat für Immunsystem- vegan",,"34,85 €",4.5,646,B00VU54RGC,8,https://www.amazon.de/Dr-Wolz-Vitalkomplex-500ml-Mikron%C3%A4hrstoff-Komplex/dp/B00VU54RGC/ref=sr_1_8?dib=eyJ2IjoiMSJ9.caHKipXvuySuiPDbBYRWW8Q3ZAgpx649L8OIjixeuMIOKxCdazJQNS6hyWOGYlhgAf6ZRu2lHb5OYjZOj7CpoxJcVZMR5sBdTTzdUcWc0Eh4_1gImmLZmyEJNSQFVQWuh55d2lGtvxm0pysNAFZlslXnoycDV8qBYwHWcM80VoiujKe5jBfi0OUAVojNxrzMcU07eZUm79VA6knzJmDXMzPgbopJxhuguoUBcZasUdHLcorGvaLb7q5Fh1dtptr5IA7gq9_n5VyjqmBDmuK4rntgtiCNDvhAqEq9Ve99G6w.ew9WKl-_HWnEDUIGVljZk1Ksj7nvmdx5696M6nXYzZk&dib_tag=se&keywords=Mikron%C3%A4hrstoffkonzentrat+Amazon&qid=1772631576&sr=8-8
2026-03-04 15:13,Mikronährstoffkonzentrat Amazon,"Vital Ultra – 2x480 ml – Mikronährstoffkonzentrat mit Vitaminen, Mineralien, Spurenelementen, Pflanzenstoffen und Omega-3-Fettsäuren - flüssiges Lebensmittel aus über 70 Zutaten - bis zu 120 Portionen",,"59,97 €",4.3,3262,B0FT848DN4,9,https://www.amazon.de/Vital-Ultra-Mikron%C3%A4hrstoffkonzentrat-Spurenelementen-Omega-3-Fetts%C3%A4uren/dp/B0FT848DN4/ref=sr_1_9?dib=eyJ2IjoiMSJ9.caHKipXvuySuiPDbBYRWW8Q3ZAgpx649L8OIjixeuMIOKxCdazJQNS6hyWOGYlhgAf6ZRu2lHb5OYjZOj7CpoxJcVZMR5sBdTTzdUcWc0Eh4_1gImmLZmyEJNSQFVQWuh55d2lGtvxm0pysNAFZlslXnoycDV8qBYwHWcM80VoiujKe5jBfi0OUAVojNxrzMcU07eZUm79VA6knzJmDXMzPgbopJxhuguoUBcZasUdHLcorGvaLb7q5Fh1dtptr5IA7gq9_n5VyjqmBDmuK4rntgtiCNDvhAqEq9Ve99G6w.ew9WKl-_HWnEDUIGVljZk1Ksj7nvmdx5696M6nXYzZk&dib_tag=se&keywords=Mikron%C3%A4hrstoffkonzentrat+Amazon&qid=1772631576&sr=8-9
2026-03-04 15:13,Mikronährstoffkonzentrat Amazon,"Vital Mikronährstoffkonzentrat für 50 Tage - Multivitamin Formel mit Vitaminen, Mineralstoffen und sekundären Pflanzenstoffen - Getränkekonzentrat mit über 65 Zutaten",,"29,99 €",4.5,68,B0FF3CHMB1,10,https://www.amazon.de/Vital-Mikron%C3%A4hrstoffkonzentrat-Tage-Pflanzenstoffen-Getr%C3%A4nkekonzentrat/dp/B0FF3CHMB1/ref=sr_1_10?dib=eyJ2IjoiMSJ9.caHKipXvuySuiPDbBYRWW8Q3ZAgpx649L8OIjixeuMIOKxCdazJQNS6hyWOGYlhgAf6ZRu2lHb5OYjZOj7CpoxJcVZMR5sBdTTzdUcWc0Eh4_1gImmLZmyEJNSQFVQWuh55d2lGtvxm0pysNAFZlslXnoycDV8qBYwHWcM80VoiujKe5jBfi0OUAVojNxrzMcU07eZUm79VA6knzJmDXMzPgbopJxhuguoUBcZasUdHLcorGvaLb7q5Fh1dtptr5IA7gq9_n5VyjqmBDmuK4rntgtiCNDvhAqEq9Ve99G6w.ew9WKl-_HWnEDUIGVljZk1Ksj7nvmdx5696M6nXYzZk&dib_tag=se&keywords=Mikron%C3%A4hrstoffkonzentrat+Amazon&qid=1772631576&sr=8-10
2026-03-04 15:13,Mikronährstoffkonzentrat Amazon,"Vivora Fruchtiges Mikronährstoffkonzentrat mit über 60 Zutaten 500ml für 31 Portionen mit Pflanzenstoffen, Vitaminen, Mineralstoffen, Omega-3- Fettsäuren aus Algenöl und Postbiotika",,"35,90 €",4.6,12,B0GJL3QCY7,11,https://www.amazon.de/sspa/click?ie=UTF8&spc=MTo2Mzk0MDgzMTE1NDAyNjU2OjE3NzI2MzE1NzY6c3BfbXRmOjMwMDk1MDIzODIwMDkzMjo6MDo6&url=%2FArktis-BioPharma-Mikron%25C3%25A4hrstoffkonzentrat-Pflanzenstoffen-Mineralstoffen%2Fdp%2FB0GJL3QCY7%2Fref%3Dsr_1_11_sspa%3Fdib%3DeyJ2IjoiMSJ9.caHKipXvuySuiPDbBYRWW8Q3ZAgpx649L8OIjixeuMIOKxCdazJQNS6hyWOGYlhgAf6ZRu2lHb5OYjZOj7CpoxJcVZMR5sBdTTzdUcWc0Eh4_1gImmLZmyEJNSQFVQWuh55d2lGtvxm0pysNAFZlslXnoycDV8qBYwHWcM80VoiujKe5jBfi0OUAVojNxrzMcU07eZUm79VA6knzJmDXMzPgbopJxhuguoUBcZasUdHLcorGvaLb7q5Fh1dtptr5IA7gq9_n5VyjqmBDmuK4rntgtiCNDvhAqEq9Ve99G6w.ew9WKl-_HWnEDUIGVljZk1Ksj7nvmdx5696M6nXYzZk%26dib_tag%3Dse%26keywords%3DMikron%25C3%25A4hrstoffkonzentrat%2BAmazon%26qid%3D1772631576%26sr%3D8-11-spons%26aref%3DoyiAeSzhlC%26sp_csd%3Dd2lkZ2V0TmFtZT1zcF9tdGY%26psc%3D1&aref=oyiAeSzhlC&sp_cr=DUB
2026-03-04 15:13,Mikronährstoffkonzentrat Amazon,Multivitamin Mikronährstoffkonzentrat 60 Portionen - Saftkonzentrat mit Vitaminen aus Fruchtsaft & Pflanzenextrakten 300 ml | vegane Mikronährstoff-Komplex + Pumper & Dosierlöffel | GreatVita,,"24,99 €",4.3,38,B0FNX5R3P5,12,https://www.amazon.de/sspa/click?ie=UTF8&spc=MTo2Mzk0MDgzMTE1NDAyNjU2OjE3NzI2MzE1NzY6c3BfbXRmOjMwMDgzOTM1ODM1MTUzMjo6MDo6&url=%2FMultivitamin-Mikron%25C3%25A4hrstoffkonzentrat-Portionen-Pflanzenextrakten-Mikron%25C3%25A4hrstoff-Komplex%2Fdp%2FB0FNX5R3P5%2Fref%3Dsr_1_12_sspa%3Fdib%3DeyJ2IjoiMSJ9.caHKipXvuySuiPDbBYRWW8Q3ZAgpx649L8OIjixeuMIOKxCdazJQNS6hyWOGYlhgAf6ZRu2lHb5OYjZOj7CpoxJcVZMR5sBdTTzdUcWc0Eh4_1gImmLZmyEJNSQFVQWuh55d2lGtvxm0pysNAFZlslXnoycDV8qBYwHWcM80VoiujKe5jBfi0OUAVojNxrzMcU07eZUm79VA6knzJmDXMzPgbopJxhuguoUBcZasUdHLcorGvaLb7q5Fh1dtptr5IA7gq9_n5VyjqmBDmuK4rntgtiCNDvhAqEq9Ve99G6w.ew9WKl-_HWnEDUIGVljZk1Ksj7nvmdx5696M6nXYzZk%26dib_tag%3Dse%26keywords%3DMikron%25C3%25A4hrstoffkonzentrat%2BAmazon%26qid%3D1772631576%26sr%3D8-12-spons%26aref%3DJn5JM1iSX0%26sp_csd%3Dd2lkZ2V0TmFtZT1zcF9tdGY%26psc%3D1&aref=Jn5JM1iSX0&sp_cr=DUB
2026-03-04 15:13,Mikronährstoffkonzentrat Amazon,"Vitamine - Centrum Frisch & Fruchtig Multivitamin - Leckeres, hochwertiges Nahrungsergänzungsmittel mit Mikronährstoffen – Für die ganze Familie – Vitamine, Mineralstoffe, Spurenelemente – 60 St.",,"22,75 €",4.6,837,B005T2FTKA,13,https://www.amazon.de/sspa/click?ie=UTF8&spc=MTo2Mzk0MDgzMTE1NDAyNjU2OjE3NzI2MzE1NzY6c3BfbXRmOjMwMDAwMDcyMjM3ODUzMjo6MDo6&url=%2FVitamine-Nahrungserg%25C3%25A4nzungsmittel-Mikron%25C3%25A4hrstoffen-Mineralstoffe-Spurenelemente%2Fdp%2FB005T2FTKA%2Fref%3Dsr_1_13_sspa%3Fdib%3DeyJ2IjoiMSJ9.caHKipXvuySuiPDbBYRWW8Q3ZAgpx649L8OIjixeuMIOKxCdazJQNS6hyWOGYlhgAf6ZRu2lHb5OYjZOj7CpoxJcVZMR5sBdTTzdUcWc0Eh4_1gImmLZmyEJNSQFVQWuh55d2lGtvxm0pysNAFZlslXnoycDV8qBYwHWcM80VoiujKe5jBfi0OUAVojNxrzMcU07eZUm79VA6knzJmDXMzPgbopJxhuguoUBcZasUdHLcorGvaLb7q5Fh1dtptr5IA7gq9_n5VyjqmBDmuK4rntgtiCNDvhAqEq9Ve99G6w.ew9WKl-_HWnEDUIGVljZk1Ksj7nvmdx5696M6nXYzZk%26dib_tag%3Dse%26keywords%3DMikron%25C3%25A4hrstoffkonzentrat%2BAmazon%26qid%3D1772631576%26rdc%3D1%26sr%3D8-13-spons%26aref%3DS5VcL1Dzxr%26sp_csd%3Dd2lkZ2V0TmFtZT1zcF9tdGY%26psc%3D1&aref=S5VcL1Dzxr&sp_cr=DUB
2026-03-04 15:13,Mikronährstoffkonzentrat Amazon,"Juicy Monk Mikronährstoffkonzentrat | 80+ natürliche Zutaten | Flüssiges Frucht- & Gemüsesaftkonzentrat mit Vitamine, Mineralien & Ergänzungsmittel | Vital Drink | 650g für bis zu 65 Portionen",,"49,90 €",3.5,3,B0DZXQ5YZ4,14,https://www.amazon.de/sspa/click?ie=UTF8&spc=MTo2Mzk0MDgzMTE1NDAyNjU2OjE3NzI2MzE1NzY6c3BfbXRmOjMwMDk1NDc1MjI3NTgzMjo6MDo6&url=%2FJuicy-Monk-Einzelflasche-650-g%2Fdp%2FB0DZXQ5YZ4%2Fref%3Dsr_1_14_sspa%3Fdib%3DeyJ2IjoiMSJ9.caHKipXvuySuiPDbBYRWW8Q3ZAgpx649L8OIjixeuMIOKxCdazJQNS6hyWOGYlhgAf6ZRu2lHb5OYjZOj7CpoxJcVZMR5sBdTTzdUcWc0Eh4_1gImmLZmyEJNSQFVQWuh55d2lGtvxm0pysNAFZlslXnoycDV8qBYwHWcM80VoiujKe5jBfi0OUAVojNxrzMcU07eZUm79VA6knzJmDXMzPgbopJxhuguoUBcZasUdHLcorGvaLb7q5Fh1dtptr5IA7gq9_n5VyjqmBDmuK4rntgtiCNDvhAqEq9Ve99G6w.ew9WKl-_HWnEDUIGVljZk1Ksj7nvmdx5696M6nXYzZk%26dib_tag%3Dse%26keywords%3DMikron%25C3%25A4hrstoffkonzentrat%2BAmazon%26qid%3D1772631576%26sr%3D8-14-spons%26aref%3DPVEImfiTUk%26sp_csd%3Dd2lkZ2V0TmFtZT1zcF9tdGY%26psc%3D1&aref=PVEImfiTUk&sp_cr=DUB
2026-03-04 15:13,Mikronährstoffkonzentrat Amazon,"Vital Ultra – 480 ml Mikronährstoffkonzentrat & 30 vegane Kapseln Darm-Symbiotika – Vitamine, Mineralien, Spurenelemente & 23 Bakterienkulturen – hochdosiert 10 Milliarden Keime je Kapsel",,"39,97 €",4.3,3262,B0DD3X5PYX,15,https://www.amazon.de/Vital-Ultra-Mikron%C3%A4hrstoffkonzentrat-Darm-Symbiotika-Bakterienkulturen/dp/B0DD3X5PYX/ref=sr_1_15?dib=eyJ2IjoiMSJ9.caHKipXvuySuiPDbBYRWW8Q3ZAgpx649L8OIjixeuMIOKxCdazJQNS6hyWOGYlhgAf6ZRu2lHb5OYjZOj7CpoxJcVZMR5sBdTTzdUcWc0Eh4_1gImmLZmyEJNSQFVQWuh55d2lGtvxm0pysNAFZlslXnoycDV8qBYwHWcM80VoiujKe5jBfi0OUAVojNxrzMcU07eZUm79VA6knzJmDXMzPgbopJxhuguoUBcZasUdHLcorGvaLb7q5Fh1dtptr5IA7gq9_n5VyjqmBDmuK4rntgtiCNDvhAqEq9Ve99G6w.ew9WKl-_HWnEDUIGVljZk1Ksj7nvmdx5696M6nXYzZk&dib_tag=se&keywords=Mikron%C3%A4hrstoffkonzentrat+Amazon&qid=1772631576&sr=8-15
2026-03-04 15:13,Mikronährstoffkonzentrat Amazon,"Mikronährstoffkonzentrat Vital Komplex+ – Superfood Mikronährstoff Drink mit über 100 natürlichen Inhaltsstoffen, Pflanzenextrakten, Vitaminen & Mineralstoffen – Vegan – Für einen Monat 500 ml",,"49,90 €",4.6,21,B0FYQ4B5K7,16,https://www.amazon.de/Nuralia-Mikron%C3%A4hrstoffkonzentrat-Vital-Komplex-Pflanzenextrakten/dp/B0FYQ4B5K7/ref=sr_1_16?dib=eyJ2IjoiMSJ9.caHKipXvuySuiPDbBYRWW8Q3ZAgpx649L8OIjixeuMIOKxCdazJQNS6hyWOGYlhgAf6ZRu2lHb5OYjZOj7CpoxJcVZMR5sBdTTzdUcWc0Eh4_1gImmLZmyEJNSQFVQWuh55d2lGtvxm0pysNAFZlslXnoycDV8qBYwHWcM80VoiujKe5jBfi0OUAVojNxrzMcU07eZUm79VA6knzJmDXMzPgbopJxhuguoUBcZasUdHLcorGvaLb7q5Fh1dtptr5IA7gq9_n5VyjqmBDmuK4rntgtiCNDvhAqEq9Ve99G6w.ew9WKl-_HWnEDUIGVljZk1Ksj7nvmdx5696M6nXYzZk&dib_tag=se&keywords=Mikron%C3%A4hrstoffkonzentrat+Amazon&qid=1772631576&sr=8-16
2026-03-04 15:13,Mikronährstoffkonzentrat Amazon,"ActiveOne Mikronährstoffkonzentrat, Vitamin-Saft mit über 20 verschiedene Obst- und Gemüsesorten, Omega 3, 13 Vitaminen, 3 Mineralstoffen, Monatsvorrat, 300ml",,"18,99 €",4.0,20,B0GJDLMB7M,17,https://www.amazon.de/Mikron%C3%A4hrstoffkonzentrat-Vitamin-Saft-verschiedene-Gem%C3%BCsesorten-Mineralstoffen/dp/B0GJDLMB7M/ref=sr_1_17?dib=eyJ2IjoiMSJ9.caHKipXvuySuiPDbBYRWW8Q3ZAgpx649L8OIjixeuMIOKxCdazJQNS6hyWOGYlhgAf6ZRu2lHb5OYjZOj7CpoxJcVZMR5sBdTTzdUcWc0Eh4_1gImmLZmyEJNSQFVQWuh55d2lGtvxm0pysNAFZlslXnoycDV8qBYwHWcM80VoiujKe5jBfi0OUAVojNxrzMcU07eZUm79VA6knzJmDXMzPgbopJxhuguoUBcZasUdHLcorGvaLb7q5Fh1dtptr5IA7gq9_n5VyjqmBDmuK4rntgtiCNDvhAqEq9Ve99G6w.ew9WKl-_HWnEDUIGVljZk1Ksj7nvmdx5696M6nXYzZk&dib_tag=se&keywords=Mikron%C3%A4hrstoffkonzentrat+Amazon&qid=1772631576&sr=8-17
2026-03-04 15:13,Mikronährstoffkonzentrat Amazon,Multivitamin Mikronährstoffkonzentrat 60 Portionen - Saftkonzentrat mit Vitaminen aus Fruchtsaft & Pflanzenextrakten 300 ml | vegane Mikronährstoff-Komplex + Pumper & Dosierlöffel | GreatVita,,"24,99 €",4.3,38,B0FNX5R3P5,18,https://www.amazon.de/Multivitamin-Mikron%C3%A4hrstoffkonzentrat-Portionen-Pflanzenextrakten-Mikron%C3%A4hrstoff-Komplex/dp/B0FNX5R3P5/ref=sr_1_18?dib=eyJ2IjoiMSJ9.caHKipXvuySuiPDbBYRWW8Q3ZAgpx649L8OIjixeuMIOKxCdazJQNS6hyWOGYlhgAf6ZRu2lHb5OYjZOj7CpoxJcVZMR5sBdTTzdUcWc0Eh4_1gImmLZmyEJNSQFVQWuh55d2lGtvxm0pysNAFZlslXnoycDV8qBYwHWcM80VoiujKe5jBfi0OUAVojNxrzMcU07eZUm79VA6knzJmDXMzPgbopJxhuguoUBcZasUdHLcorGvaLb7q5Fh1dtptr5IA7gq9_n5VyjqmBDmuK4rntgtiCNDvhAqEq9Ve99G6w.ew9WKl-_HWnEDUIGVljZk1Ksj7nvmdx5696M6nXYzZk&dib_tag=se&keywords=Mikron%C3%A4hrstoffkonzentrat+Amazon&qid=1772631576&sr=8-18
2026-03-04 15:13,Mikronährstoffkonzentrat Amazon,"Kloster Kitchen Mikronährstoffkonzentrat Vital Flow | 500 ml - 31 Tage - 74 Zutaten | Obst, Gemüse & Kräuter - Vitamine, Mineralstoffe & Spurenelemente | Mikronährstoffe Saft Flüssig Vegan",,"35,90 €",4.6,89,B0FG36751H,19,https://www.amazon.de/sspa/click?ie=UTF8&spc=MTo2Mzk0MDgzMTE1NDAyNjU2OjE3NzI2MzE1NzY6c3BfbXRmOjMwMDYyMTcyNTQ4MTIzMjo6MDo6&url=%2FKloster-Kitchen-Mikron%25C3%25A4hrstoffkonzentrat-Vital-Flow%2Fdp%2FB0FG36751H%2Fref%3Dsr_1_19_sspa%3Fdib%3DeyJ2IjoiMSJ9.caHKipXvuySuiPDbBYRWW8Q3ZAgpx649L8OIjixeuMIOKxCdazJQNS6hyWOGYlhgAf6ZRu2lHb5OYjZOj7CpoxJcVZMR5sBdTTzdUcWc0Eh4_1gImmLZmyEJNSQFVQWuh55d2lGtvxm0pysNAFZlslXnoycDV8qBYwHWcM80VoiujKe5jBfi0OUAVojNxrzMcU07eZUm79VA6knzJmDXMzPgbopJxhuguoUBcZasUdHLcorGvaLb7q5Fh1dtptr5IA7gq9_n5VyjqmBDmuK4rntgtiCNDvhAqEq9Ve99G6w.ew9WKl-_HWnEDUIGVljZk1Ksj7nvmdx5696M6nXYzZk%26dib_tag%3Dse%26keywords%3DMikron%25C3%25A4hrstoffkonzentrat%2BAmazon%26qid%3D1772631576%26sr%3D8-19-spons%26aref%3DxgABcquv47%26sp_csd%3Dd2lkZ2V0TmFtZT1zcF9tdGY%26psc%3D1&aref=xgABcquv47&sp_cr=DUB
2026-03-04 15:13,Mikronährstoffkonzentrat Amazon,"Mikronährstoff Shot 7 x 60ml | trinkfertiges Multitalent – im praktischen Shot Format | mit Vitaminen, Mineralstoffen & Pflanzenstoffen | Achterhof",,"21,95 €",5.0,6,B0FVLY2XDM,20,https://www.amazon.de/sspa/click?ie=UTF8&spc=MTo2Mzk0MDgzMTE1NDAyNjU2OjE3NzI2MzE1NzY6c3BfbXRmOjMwMDc4MDM0Mzk5MzMzMjo6MDo6&url=%2FMikron%25C3%25A4hrstoff-Shot-60ml-trinkfertiges-Multitalent%2Fdp%2FB0FVLY2XDM%2Fref%3Dsr_1_20_sspa%3Fdib%3DeyJ2IjoiMSJ9.caHKipXvuySuiPDbBYRWW8Q3ZAgpx649L8OIjixeuMIOKxCdazJQNS6hyWOGYlhgAf6ZRu2lHb5OYjZOj7CpoxJcVZMR5sBdTTzdUcWc0Eh4_1gImmLZmyEJNSQFVQWuh55d2lGtvxm0pysNAFZlslXnoycDV8qBYwHWcM80VoiujKe5jBfi0OUAVojNxrzMcU07eZUm79VA6knzJmDXMzPgbopJxhuguoUBcZasUdHLcorGvaLb7q5Fh1dtptr5IA7gq9_n5VyjqmBDmuK4rntgtiCNDvhAqEq9Ve99G6w.ew9WKl-_HWnEDUIGVljZk1Ksj7nvmdx5696M6nXYzZk%26dib_tag%3Dse%26keywords%3DMikron%25C3%25A4hrstoffkonzentrat%2BAmazon%26qid%3D1772631576%26sr%3D8-20-spons%26aref%3DcGy8ElMy11%26sp_csd%3Dd2lkZ2V0TmFtZT1zcF9tdGY%26psc%3D1&aref=cGy8ElMy11&sp_cr=DUB
